year,jurisdiction,popchange
1970,Chesapeake,2200.0
1970,Gloucester County,350.0
1970,Hampton,1300.0
1970,Isle of Wight County,500.0
1970,Newport News,-50.0
1970,Norfolk,8300.0
1970,Portsmouth,-6850.0
1970,Suffolk,500.0
1970,Surry County,-100.0
1970,Virginia Beach,5950.0
1970,Franklin(City) & Southampton,-200.0
1970,James City & Williamsburg,950.0
1970,Poquoson & York,-1620.5
1971,Chesapeake,2410.0
1971,Gloucester County,620.5
1971,Hampton,3510.5
1971,Isle of Wight County,607.5
1971,Newport News,211.5
1971,Norfolk,-10825.5
1971,Portsmouth,-1481.5
1971,Suffolk,1438.0
1971,Surry County,-41.0
1971,Virginia Beach,8297.0
1971,Franklin(City) & Southampton,-81.0
1971,James City & Williamsburg,1239.0
1971,Poquoson & York,1248.5
1972,Chesapeake,3100.0
1972,Gloucester County,850.0
1972,Hampton,3400.0
1972,Isle of Wight County,250.0
1972,Newport News,-100.0
1972,Norfolk,-7150.0
1972,Portsmouth,-500.0
1972,Suffolk,1050.0
1972,Surry County,0.0
1972,Virginia Beach,9150.0
1972,Franklin(City) & Southampton,50.0
1972,James City & Williamsburg,300.0
1972,Poquoson & York,950.0
1973,Chesapeake,4050.0
1973,Gloucester County,950.0
1973,Hampton,600.0
1973,Isle of Wight County,250.0
1973,Newport News,1200.0
1973,Norfolk,1200.0
1973,Portsmouth,300.0
1973,Suffolk,500.0
1973,Surry County,0.0
1973,Virginia Beach,10950.0
1973,Franklin(City) & Southampton,0.0
1973,James City & Williamsburg,100.0
1973,Poquoson & York,300.0
1974,Chesapeake,3550.0
1974,Gloucester County,550.0
1974,Hampton,350.0
1974,Isle of Wight County,250.0
1974,Newport News,1350.0
1974,Norfolk,-1400.0
1974,Portsmouth,-1850.0
1974,Suffolk,350.0
1974,Surry County,300.0
1974,Virginia Beach,9650.0
1974,Franklin(City) & Southampton,0.0
1974,James City & Williamsburg,200.0
1974,Poquoson & York,150.0
1975,Chesapeake,3150.0
1975,Gloucester County,250.0
1975,Hampton,-950.0
1975,Isle of Wight County,450.0
1975,Newport News,2400.0
1975,Norfolk,-3250.0
1975,Portsmouth,-850.0
1975,Suffolk,-450.0
1975,Surry County,250.0
1975,Virginia Beach,6950.0
1975,Franklin(City) & Southampton,150.0
1975,James City & Williamsburg,1150.0
1975,Poquoson & York,950.0
1976,Chesapeake,3500.0
1976,Gloucester County,350.0
1976,Hampton,-800.0
1976,Isle of Wight County,350.0
1976,Newport News,2750.0
1976,Norfolk,-1750.0
1976,Portsmouth,-200.0
1976,Suffolk,-150.0
1976,Surry County,-100.0
1976,Virginia Beach,9200.0
1976,Franklin(City) & Southampton,200.0
1976,James City & Williamsburg,1200.0
1976,Poquoson & York,1900.0
1977,Chesapeake,2600.0
1977,Gloucester County,650.0
1977,Hampton,-550.0
1977,Isle of Wight County,400.0
1977,Newport News,1800.0
1977,Norfolk,-2400.0
1977,Portsmouth,-350.0
1977,Suffolk,1800.0
1977,Surry County,-100.0
1977,Virginia Beach,9900.0
1977,Franklin(City) & Southampton,450.0
1977,James City & Williamsburg,50.0
1977,Poquoson & York,1900.0
1978,Chesapeake,1150.0
1978,Gloucester County,800.0
1978,Hampton,-1600.0
1978,Isle of Wight County,450.0
1978,Newport News,-50.0
1978,Norfolk,-6150.0
1978,Portsmouth,-800.0
1978,Suffolk,300.0
1978,Surry County,-50.0
1978,Virginia Beach,9050.0
1978,Franklin(City) & Southampton,100.0
1978,James City & Williamsburg,300.0
1978,Poquoson & York,1250.0
1979,Chesapeake,243.0
1979,Gloucester County,553.5
1979,Hampton,-1691.5
1979,Isle of Wight County,-48.5
1979,Newport News,-2248.5
1979,Norfolk,-5210.5
1979,Portsmouth,-811.5
1979,Suffolk,-1989.5
1979,Surry County,-27.0
1979,Virginia Beach,8949.5
1979,Franklin(City) & Southampton,-230.5
1979,James City & Williamsburg,316.5
1979,Poquoson & York,1094.5
1980,Chesapeake,1000.0
1980,Gloucester County,550.0
1980,Hampton,400.0
1980,Isle of Wight County,-150.0
1980,Newport News,900.0
1980,Norfolk,2250.0
1980,Portsmouth,50.0
1980,Suffolk,-950.0
1980,Surry County,0.0
1980,Virginia Beach,10150.0
1980,Franklin(City) & Southampton,-100.0
1980,James City & Williamsburg,850.0
1980,Poquoson & York,650.0
1981,Chesapeake,2007.0
1981,Gloucester County,796.5
1981,Hampton,1641.5
1981,Isle of Wight County,148.5
1981,Newport News,3498.5
1981,Norfolk,-839.5
1981,Portsmouth,761.5
1981,Suffolk,-60.5
1981,Surry County,-23.0
1981,Virginia Beach,9850.5
1981,Franklin(City) & Southampton,-269.5
1981,James City & Williamsburg,1083.5
1981,Poquoson & York,605.5
1982,Chesapeake,2000.0
1982,Gloucester County,900.0
1982,Hampton,1100.0
1982,Isle of Wight County,300.0
1982,Newport News,1500.0
1982,Norfolk,200.0
1982,Portsmouth,650.0
1982,Suffolk,250.0
1982,Surry County,0.0
1982,Virginia Beach,10450.0
1982,Franklin(City) & Southampton,-150.0
1982,James City & Williamsburg,900.0
1982,Poquoson & York,900.0
1983,Chesapeake,2850.0
1983,Gloucester County,1200.0
1983,Hampton,500.0
1983,Isle of Wight County,400.0
1983,Newport News,1250.0
1983,Norfolk,5750.0
1983,Portsmouth,400.0
1983,Suffolk,250.0
1983,Surry County,50.0
1983,Virginia Beach,14050.0
1983,Franklin(City) & Southampton,0.0
1983,James City & Williamsburg,1100.0
1983,Poquoson & York,900.0
1984,Chesapeake,4150.0
1984,Gloucester County,1450.0
1984,Hampton,-300.0
1984,Isle of Wight County,550.0
1984,Newport News,2100.0
1984,Norfolk,-3850.0
1984,Portsmouth,150.0
1984,Suffolk,450.0
1984,Surry County,50.0
1984,Virginia Beach,12800.0
1984,Franklin(City) & Southampton,-100.0
1984,James City & Williamsburg,1200.0
1984,Poquoson & York,900.0
1985,Chesapeake,4150.0
1985,Gloucester County,1450.0
1985,Hampton,400.0
1985,Isle of Wight County,400.0
1985,Newport News,2200.0
1985,Norfolk,-3700.0
1985,Portsmouth,-1150.0
1985,Suffolk,800.0
1985,Surry County,50.0
1985,Virginia Beach,15850.0
1985,Franklin(City) & Southampton,-50.0
1985,James City & Williamsburg,1250.0
1985,Poquoson & York,800.0
1986,Chesapeake,4350.0
1986,Gloucester County,1300.0
1986,Hampton,1850.0
1986,Isle of Wight County,300.0
1986,Newport News,1300.0
1986,Norfolk,4700.0
1986,Portsmouth,-700.0
1986,Suffolk,900.0
1986,Surry County,0.0
1986,Virginia Beach,18700.0
1986,Franklin(City) & Southampton,-150.0
1986,James City & Williamsburg,1650.0
1986,Poquoson & York,1450.0
1987,Chesapeake,5050.0
1987,Gloucester County,1100.0
1987,Hampton,2250.0
1987,Isle of Wight County,400.0
1987,Newport News,2050.0
1987,Norfolk,-500.0
1987,Portsmouth,1800.0
1987,Suffolk,800.0
1987,Surry County,-50.0
1987,Virginia Beach,16150.0
1987,Franklin(City) & Southampton,-100.0
1987,James City & Williamsburg,1950.0
1987,Poquoson & York,1750.0
1988,Chesapeake,5000.0
1988,Gloucester County,850.0
1988,Hampton,1500.0
1988,Isle of Wight County,400.0
1988,Newport News,4200.0
1988,Norfolk,-6450.0
1988,Portsmouth,-100.0
1988,Suffolk,650.0
1988,Surry County,0.0
1988,Virginia Beach,12800.0
1988,Franklin(City) & Southampton,200.0
1988,James City & Williamsburg,1800.0
1988,Poquoson & York,950.0
1989,Chesapeake,4691.0
1989,Gloucester County,465.5
1989,Hampton,805.5
1989,Isle of Wight County,376.5
1989,Newport News,4269.5
1989,Norfolk,-3575.0
1989,Portsmouth,-2145.0
1989,Suffolk,471.5
1989,Surry County,22.5
1989,Virginia Beach,9544.5
1989,Franklin(City) & Southampton,107.0
1989,James City & Williamsburg,1489.5
1989,Poquoson & York,569.5
1990,Chesapeake,5400.0
1990,Gloucester County,400.0
1990,Hampton,1600.0
1990,Isle of Wight County,500.0
1990,Newport News,1700.0
1990,Norfolk,-4500.0
1990,Portsmouth,-650.0
1990,Suffolk,350.0
1990,Surry County,100.0
1990,Virginia Beach,8350.0
1990,Franklin(City) & Southampton,-50.0
1990,James City & Williamsburg,1450.0
1990,Poquoson & York,1400.0
1991,Chesapeake,5959.0
1991,Gloucester County,634.5
1991,Hampton,2344.5
1991,Isle of Wight County,523.5
1991,Newport News,2930.5
1991,Norfolk,-4425.0
1991,Portsmouth,345.0
1991,Suffolk,428.5
1991,Surry County,127.5
1991,Virginia Beach,8255.5
1991,Franklin(City) & Southampton,93.0
1991,James City & Williamsburg,1410.5
1991,Poquoson & York,2130.5
1992,Chesapeake,6300.0
1992,Gloucester County,700.0
1992,Hampton,2250.0
1992,Isle of Wight County,500.0
1992,Newport News,2800.0
1992,Norfolk,-4200.0
1992,Portsmouth,350.0
1992,Suffolk,550.0
1992,Surry County,150.0
1992,Virginia Beach,6400.0
1992,Franklin(City) & Southampton,200.0
1992,James City & Williamsburg,1250.0
1992,Poquoson & York,2650.0
1993,Chesapeake,7050.0
1993,Gloucester County,550.0
1993,Hampton,2100.0
1993,Isle of Wight County,500.0
1993,Newport News,750.0
1993,Norfolk,-4250.0
1993,Portsmouth,-50.0
1993,Suffolk,650.0
1993,Surry County,100.0
1993,Virginia Beach,3650.0
1993,Franklin(City) & Southampton,50.0
1993,James City & Williamsburg,1350.0
1993,Poquoson & York,2600.0
1994,Chesapeake,6600.0
1994,Gloucester County,400.0
1994,Hampton,1150.0
1994,Isle of Wight County,550.0
1994,Newport News,900.0
1994,Norfolk,-3150.0
1994,Portsmouth,-750.0
1994,Suffolk,1000.0
1994,Surry County,0.0
1994,Virginia Beach,1950.0
1994,Franklin(City) & Southampton,200.0
1994,James City & Williamsburg,1400.0
1994,Poquoson & York,1650.0
1995,Chesapeake,4500.0
1995,Gloucester County,400.0
1995,Hampton,250.0
1995,Isle of Wight County,550.0
1995,Newport News,-500.0
1995,Norfolk,-3150.0
1995,Portsmouth,-1200.0
1995,Suffolk,1600.0
1995,Surry County,0.0
1995,Virginia Beach,-50.0
1995,Franklin(City) & Southampton,300.0
1995,James City & Williamsburg,1550.0
1995,Poquoson & York,900.0
1996,Chesapeake,3150.0
1996,Gloucester County,400.0
1996,Hampton,800.0
1996,Isle of Wight County,400.0
1996,Newport News,-800.0
1996,Norfolk,-1450.0
1996,Portsmouth,-750.0
1996,Suffolk,2050.0
1996,Surry County,50.0
1996,Virginia Beach,600.0
1996,Franklin(City) & Southampton,150.0
1996,James City & Williamsburg,1300.0
1996,Poquoson & York,750.0
1997,Chesapeake,3200.0
1997,Gloucester County,400.0
1997,Hampton,600.0
1997,Isle of Wight County,450.0
1997,Newport News,300.0
1997,Norfolk,-1450.0
1997,Portsmouth,-650.0
1997,Suffolk,1900.0
1997,Surry County,50.0
1997,Virginia Beach,200.0
1997,Franklin(City) & Southampton,-150.0
1997,James City & Williamsburg,1400.0
1997,Poquoson & York,450.0
1998,Chesapeake,3150.0
1998,Gloucester County,450.0
1998,Hampton,300.0
1998,Isle of Wight County,550.0
1998,Newport News,1050.0
1998,Norfolk,-1000.0
1998,Portsmouth,-400.0
1998,Suffolk,1600.0
1998,Surry County,50.0
1998,Virginia Beach,450.0
1998,Franklin(City) & Southampton,-250.0
1998,James City & Williamsburg,1650.0
1998,Poquoson & York,400.0
1999,Chesapeake,3457.9474793281406
1999,Gloucester County,386.62961392755096
1999,Hampton,957.9025435473886
1999,Isle of Wight County,387.01926250038014
1999,Newport News,938.4887199990335
1999,Norfolk,-89.43179425169365
1999,Portsmouth,-195.83894830723875
1999,Suffolk,1450.1670591925067
1999,Surry County,69.78533233613689
1999,Virginia Beach,4755.8218305992195
1999,Franklin(City) & Southampton,-116.3469276341948
1999,James City & Williamsburg,1360.9042297829583
1999,Poquoson & York,1409.2582153889798
2000,Chesapeake,2915.8378902260156
2000,Gloucester County,179.89072511063569
2000,Hampton,-286.3069772574818
2000,Isle of Wight County,182.6998368407949
2000,Newport News,103.9677807915723
2000,Norfolk,237.49406849991647
2000,Portsmouth,-926.9149669760081
2000,Suffolk,2124.6990818902996
2000,Surry County,19.121381769466097
2000,Virginia Beach,3806.3551967239473
2000,Franklin(City) & Southampton,102.00392227991506
2000,James City & Williamsburg,1748.8585225127426
2000,Poquoson & York,1336.4532817994386
2001,Chesapeake,1938.9582898590888
2001,Gloucester County,113.2007380522773
2001,Hampton,-1142.803606118774
2001,Isle of Wight County,270.21945122443503
2001,Newport News,-182.24041427765042
2001,Norfolk,442.14334147638874
2001,Portsmouth,-1130.5459588471858
2001,Suffolk,2531.467350223218
2001,Surry County,-40.21239521820371
2001,Virginia Beach,642.605241211364
2001,Franklin(City) & Southampton,126.06598194366597
2001,James City & Williamsburg,2131.6795525065318
2001,Poquoson & York,1157.9595513921813
2002,Chesapeake,2090.4574785098957
2002,Gloucester County,160.81219254489406
2002,Hampton,-1354.609863489488
2002,Isle of Wight County,419.6438546562349
2002,Newport News,792.8062792930577
2002,Norfolk,787.5656429893861
2002,Portsmouth,-628.6499700277927
2002,Suffolk,2481.738485111855
2002,Surry County,-51.197800436211764
2002,Virginia Beach,1209.145729974145
2002,Franklin(City) & Southampton,-59.043572554519415
2002,James City & Williamsburg,2052.0203905092094
2002,Poquoson & York,1056.1003664143027
2003,Chesapeake,3299.9607247552194
2003,Gloucester County,243.27649002896214
2003,Hampton,-832.2148931793345
2003,Isle of Wight County,582.1406808809734
2003,Newport News,927.6456308895722
2003,Norfolk,1622.2664494129713
2003,Portsmouth,-288.7504964308755
2003,Suffolk,3322.819342921546
2003,Surry County,-6.842655016098433
2003,Virginia Beach,4071.0890198033885
2003,Franklin(City) & Southampton,92.2593619000927
2003,James City & Williamsburg,2206.434038917978
2003,Poquoson & York,1289.5840616911355
2004,Chesapeake,3814.6995926098316
2004,Gloucester County,238.69513429172366
2004,Hampton,232.3516842474346
2004,Isle of Wight County,727.4029739921898
2004,Newport News,1.0476995872159023
2004,Norfolk,1422.8200622243749
2004,Portsmouth,148.55342869111337
2004,Suffolk,3055.0130592500354
2004,Surry County,23.877833831403223
2004,Virginia Beach,3162.6037618730334
2004,Franklin(City) & Southampton,247.14595196374648
2004,James City & Williamsburg,2379.299538582254
2004,Poquoson & York,1393.6931612052085
2005,Chesapeake,2355.0612332106684
2005,Gloucester County,387.20849572458974
2005,Hampton,-193.7011334321578
2005,Isle of Wight County,720.23307140826
2005,Newport News,-110.94333829940297
2005,Norfolk,352.3333689374849
2005,Portsmouth,-58.58209344750503
2005,Suffolk,1828.9755160492641
2005,Surry County,154.03489990162507
2005,Virginia Beach,-568.8728915205575
2005,Franklin(City) & Southampton,110.98150065149457
2005,James City & Williamsburg,2340.3246972071865
2005,Poquoson & York,406.0786879527732
2006,Chesapeake,925.2188610698213
2006,Gloucester County,221.98455977147387
2006,Hampton,-996.601502606587
2006,Isle of Wight County,799.9340596977854
2006,Newport News,-51.55898049729876
2006,Norfolk,1272.8315344291623
2006,Portsmouth,-463.6088392318052
2006,Suffolk,1389.807268379751
2006,Surry County,60.64922503994421
2006,Virginia Beach,-1049.336275226029
2006,Franklin(City) & Southampton,454.0501971267731
2006,James City & Williamsburg,2175.6487647646936
2006,Poquoson & York,647.5992129307524
2007,Chesapeake,1185.9183323326288
2007,Gloucester County,38.90206055229646
2007,Hampton,-750.7696620244533
2007,Isle of Wight County,786.4451666664681
2007,Newport News,-24.36443684512051
2007,Norfolk,1814.2674835741636
2007,Portsmouth,-476.3055237151857
2007,Suffolk,1236.2513390141248
2007,Surry County,-4.0470357696412975
2007,Virginia Beach,971.216513662017
2007,Franklin(City) & Southampton,699.9890741060735
2007,James City & Williamsburg,1743.9234633928318
2007,Poquoson & York,1037.6585725090208
2008,Chesapeake,1801.1080810107815
2008,Gloucester County,286.7493412372278
2008,Hampton,-728.394028683193
2008,Isle of Wight County,442.77447464939905
2008,Newport News,162.83327193683363
2008,Norfolk,1007.6277772322646
2008,Portsmouth,-288.5209655762883
2008,Suffolk,756.6463454604382
2008,Surry County,84.55457734892843
2008,Virginia Beach,1608.6920171185047
2008,Franklin(City) & Southampton,-253.28189334732815
2008,James City & Williamsburg,1421.5381881158246
2008,Poquoson & York,888.978156978379
2009,Chesapeake,2442.838563912519
2009,Gloucester County,231.88753026165068
2009,Hampton,-1646.596313415852
2009,Isle of Wight County,410.0056495097815
2009,Newport News,-411.5797511062701
2009,Norfolk,-13.789862821897259
2009,Portsmouth,-555.7342725913913
2009,Suffolk,1563.3611954874214
2009,Surry County,8.303059731365465
2009,Virginia Beach,631.5502731693559
2009,Franklin(City) & Southampton,-323.35649104596996
2009,James City & Williamsburg,2151.8114477067975
2009,Poquoson & York,827.8163665735228
2010,Chesapeake,3051.428096573625
2010,Gloucester County,105.30304704404261
2010,Hampton,-930.5893122107373
2010,Isle of Wight County,306.28980016360583
2010,Newport News,-95.8460511113808
2010,Norfolk,13.910914624953875
2010,Portsmouth,43.29131312078971
2010,Suffolk,1538.335759907597
2010,Surry County,-52.97321755352914
2010,Virginia Beach,1985.4395695364801
2010,Franklin(City) & Southampton,256.16039453141093
2010,James City & Williamsburg,2187.4445955152714
2010,Poquoson & York,584.0458206719104
2011,Chesapeake,2724.315376601764
2011,Gloucester County,36.89507145267271
2011,Hampton,832.1830646232411
2011,Isle of Wight County,383.93671780968725
2011,Newport News,1328.4935896398383
2011,Norfolk,1423.7110136725241
2011,Portsmouth,1030.7572933393676
2011,Suffolk,648.4581971119333
2011,Surry County,-67.52120596518489
2011,Virginia Beach,4641.090013075154
2011,Franklin(City) & Southampton,168.90750007883798
2011,James City & Williamsburg,1189.4225704857145
2011,Poquoson & York,431.1445444923902
2012,Chesapeake,3539.75
2012,Gloucester County,122.56500000000233
2012,Hampton,830.1499999999942
2012,Isle of Wight County,502.25500000000466
2012,Newport News,1192.75
2012,Norfolk,1203.75
2012,Portsmouth,251.35000000000582
2012,Suffolk,1069.2600000000093
2012,Surry County,4.467999999999847
2012,Virginia Beach,4191.099999999977
2012,Franklin(City) & Southampton,66.46500000000196
2012,James City & Williamsburg,997.190000000006
2012,Poquoson & York,408.63000000000466
2013,Chesapeake,3714.0
2013,Gloucester County,124.5
2013,Hampton,-151.5
2013,Isle of Wight County,-4.0
2013,Newport News,15.5
2013,Norfolk,295.5
2013,Portsmouth,-324.0
2013,Suffolk,1561.5
2013,Surry County,20.0
2013,Virginia Beach,2091.5
2013,Franklin(City) & Southampton,-87.0
2013,James City & Williamsburg,1077.5
2013,Poquoson & York,444.5
2014,Chesapeake,2653.0
2014,Gloucester County,-80.0
2014,Hampton,-203.0
2014,Isle of Wight County,-12.0
2014,Newport News,21.0
2014,Norfolk,398.5
2014,Portsmouth,1.5
2014,Suffolk,1297.5
2014,Surry County,-79.0
2014,Virginia Beach,1936.0
2014,Franklin(City) & Southampton,-220.5
2014,James City & Williamsburg,1530.5
2014,Poquoson & York,1397.0
2015,Chesapeake,2423.5
2015,Gloucester County,-121.0
2015,Hampton,-526.5
2015,Isle of Wight County,451.0
2015,Newport News,-72.0
2015,Norfolk,346.5
2015,Portsmouth,-311.5
2015,Suffolk,1068.0
2015,Surry County,-112.0
2015,Virginia Beach,978.0
2015,Franklin(City) & Southampton,-252.0
2015,James City & Williamsburg,1420.0
2015,Poquoson & York,632.0
