year,jurisdiction,birthrate
1970,Chesapeake,19.12257200267917
1970,Gloucester County,14.865922185077176
1970,Hampton,20.85627468351286
1970,Isle of Wight County,18.75854525567405
1970,Newport News,23.231073188736186
1970,Norfolk,21.05205048855175
1970,Portsmouth,20.23196921496355
1970,Suffolk,4.286602700781805
1970,Surry County,20.401224073444407
1970,Virginia Beach,19.56352480448096
1970,Franklin(City) & Southampton,16.311445121935957
1970,James City & Williamsburg,16.54608679005127
1970,Poquoson & York,15.958635907511217
1971,Chesapeake,18.70511425462459
1971,Gloucester County,15.918367346938776
1971,Hampton,18.255144032921812
1971,Isle of Wight County,18.445595854922278
1971,Newport News,21.22142857142857
1971,Norfolk,19.947072444591466
1971,Portsmouth,19.578853046594983
1971,Suffolk,4.112554112554112
1971,Surry County,20.70175438596491
1971,Virginia Beach,17.649667405764966
1971,Franklin(City) & Southampton,15.133545310015899
1971,James City & Williamsburg,15.435095887373905
1971,Poquoson & York,14.058845029239766
1972,Chesapeake,16.76906779661017
1972,Gloucester County,14.444444444444445
1972,Hampton,18.043818466353677
1972,Isle of Wight County,17.743589743589745
1972,Newport News,19.971139971139973
1972,Norfolk,18.983583653510305
1972,Portsmouth,19.296296296296298
1972,Suffolk,3.8413361169102296
1972,Surry County,16.20689655172414
1972,Virginia Beach,15.855855855855857
1972,Franklin(City) & Southampton,15.025276841598458
1972,James City & Williamsburg,11.750484065100215
1972,Poquoson & York,12.536195286195287
1973,Chesapeake,15.657492354740063
1973,Gloucester County,13.963414634146343
1973,Hampton,15.939204988308651
1973,Isle of Wight County,14.94949494949495
1973,Newport News,18.648068669527895
1973,Norfolk,17.87152777777778
1973,Portsmouth,17.341772151898734
1973,Suffolk,14.472049689440995
1973,Surry County,16.666666666666668
1973,Virginia Beach,14.886763965777554
1973,Franklin(City) & Southampton,13.209627329192546
1973,James City & Williamsburg,12.364422250859107
1973,Poquoson & York,11.881008331553087
1974,Chesapeake,15.68780487804878
1974,Gloucester County,13.604651162790699
1974,Hampton,15.503875968992247
1974,Isle of Wight County,15.65
1974,Newport News,17.73758865248227
1974,Norfolk,18.046414963630067
1974,Portsmouth,17.863720073664826
1974,Suffolk,15.010224948875257
1974,Surry County,13.10344827586207
1974,Virginia Beach,15.128205128205128
1974,Franklin(City) & Southampton,13.744340359094458
1974,James City & Williamsburg,10.962704669496665
1974,Poquoson & York,10.429750294716536
1975,Chesapeake,15.846007604562738
1975,Gloucester County,12.285714285714286
1975,Hampton,14.410852713178295
1975,Isle of Wight County,14.38423645320197
1975,Newport News,18.056140350877193
1975,Norfolk,18.02945301542777
1975,Portsmouth,17.792329279700652
1975,Suffolk,14.755102040816327
1975,Surry County,14.126984126984127
1975,Virginia Beach,15.389908256880734
1975,Franklin(City) & Southampton,13.58737606902293
1975,James City & Williamsburg,11.309326424870466
1975,Poquoson & York,10.640547263681592
1976,Chesapeake,15.009191176470589
1976,Gloucester County,11.807909604519775
1976,Hampton,14.815106215578286
1976,Isle of Wight County,12.822966507177034
1976,Newport News,16.954732510288064
1976,Norfolk,17.95889440113395
1976,Portsmouth,17.932647333956968
1976,Suffolk,15.8125
1976,Surry County,13.968253968253968
1976,Virginia Beach,16.102449888641427
1976,Franklin(City) & Southampton,13.763608679101637
1976,James City & Williamsburg,10.251572327044025
1976,Poquoson & York,10.771062271062272
1977,Chesapeake,15.730837789661319
1977,Gloucester County,13.131868131868133
1977,Hampton,15.777080062794347
1977,Isle of Wight County,14.0
1977,Newport News,18.945945945945947
1977,Norfolk,18.324458643947462
1977,Portsmouth,17.830985915492956
1977,Suffolk,15.811088295687885
1977,Surry County,11.80327868852459
1977,Virginia Beach,15.956006768189509
1977,Franklin(City) & Southampton,14.708141899525495
1977,James City & Williamsburg,10.999228745122947
1977,Poquoson & York,11.684530475123982
1978,Chesapeake,15.789473684210526
1978,Gloucester County,12.842105263157896
1978,Hampton,16.214285714285715
1978,Isle of Wight County,13.410138248847927
1978,Newport News,17.630522088353413
1978,Norfolk,17.873107426099498
1978,Portsmouth,17.504708097928436
1978,Suffolk,14.263565891472869
1978,Surry County,13.278688524590164
1978,Virginia Beach,15.775685632419156
1978,Franklin(City) & Southampton,13.843568699589643
1978,James City & Williamsburg,10.249287749287749
1978,Poquoson & York,8.588440948322955
1979,Chesapeake,16.541484716157207
1979,Gloucester County,13.232323232323232
1979,Hampton,16.578099838969404
1979,Isle of Wight County,14.018264840182649
1979,Newport News,18.133874239350913
1979,Norfolk,19.55827765404603
1979,Portsmouth,19.26596758817922
1979,Suffolk,14.016227180527384
1979,Surry County,15.0
1979,Virginia Beach,16.55402750491159
1979,Franklin(City) & Southampton,13.225079918628305
1979,James City & Williamsburg,12.347839318320148
1979,Poquoson & York,10.30884344293601
1980,Chesapeake,17.364568593539822
1980,Gloucester County,14.422837817675436
1980,Hampton,16.76765864439678
1980,Isle of Wight County,14.81275748738601
1980,Newport News,18.660759266543828
1980,Norfolk,18.806722626124152
1980,Portsmouth,18.024995936008875
1980,Suffolk,15.581361164192268
1980,Surry County,14.389679126695334
1980,Virginia Beach,16.84216949721395
1980,Franklin(City) & Southampton,15.764750718239217
1980,James City & Williamsburg,12.801438246472696
1980,Poquoson & York,10.254391936965302
1981,Chesapeake,16.88412017167382
1981,Gloucester County,15.023923444976077
1981,Hampton,16.312
1981,Isle of Wight County,13.564814814814813
1981,Newport News,19.77287909151637
1981,Norfolk,18.583424607520996
1981,Portsmouth,18.63809523809524
1981,Suffolk,15.253164556962025
1981,Surry County,15.833333333333334
1981,Virginia Beach,16.903202328966522
1981,Franklin(City) & Southampton,13.739685728636005
1981,James City & Williamsburg,12.939211212516296
1981,Poquoson & York,10.83198051948052
1982,Chesapeake,16.48945147679325
1982,Gloucester County,14.009216589861751
1982,Hampton,17.45830023828435
1982,Isle of Wight County,13.698630136986303
1982,Newport News,19.1046741277156
1982,Norfolk,20.22238974745571
1982,Portsmouth,18.88784165881244
1982,Suffolk,14.863157894736842
1982,Surry County,15.166666666666666
1982,Virginia Beach,17.743880808797446
1982,Franklin(City) & Southampton,12.87746251102617
1982,James City & Williamsburg,15.390961262553802
1982,Poquoson & York,9.585401891252955
1983,Chesapeake,16.970954356846473
1983,Gloucester County,14.096916299559473
1983,Hampton,17.657232704402514
1983,Isle of Wight County,15.36036036036036
1983,Newport News,19.410609037328097
1983,Norfolk,19.25628873496172
1983,Portsmouth,18.0620884289746
1983,Suffolk,15.511482254697286
1983,Surry County,13.666666666666666
1983,Virginia Beach,17.44335475143727
1983,Franklin(City) & Southampton,14.64642752131726
1983,James City & Williamsburg,14.91766237745098
1983,Poquoson & York,9.153253424657535
1984,Chesapeake,17.19001610305958
1984,Gloucester County,14.937759336099584
1984,Hampton,16.6903073286052
1984,Isle of Wight County,14.757709251101321
1984,Newport News,19.099740932642487
1984,Norfolk,19.685693641618496
1984,Portsmouth,18.05425631431244
1984,Suffolk,15.833333333333334
1984,Surry County,16.393442622950822
1984,Virginia Beach,18.11935483870968
1984,Franklin(City) & Southampton,14.19123011819641
1984,James City & Williamsburg,14.009543088490457
1984,Poquoson & York,9.387755102040817
1985,Chesapeake,17.577639751552795
1985,Gloucester County,17.4609375
1985,Hampton,17.622432859399684
1985,Isle of Wight County,16.223175965665234
1985,Newport News,19.471000637348627
1985,Norfolk,20.836459114778695
1985,Portsmouth,18.076923076923077
1985,Suffolk,15.102459016393443
1985,Surry County,14.754098360655739
1985,Virginia Beach,18.960473078120135
1985,Franklin(City) & Southampton,14.797077922077921
1985,James City & Williamsburg,15.876052948255115
1985,Poquoson & York,10.02868143957253
1986,Chesapeake,17.554716981132074
1986,Gloucester County,15.11111111111111
1986,Hampton,18.629600626468285
1986,Isle of Wight County,16.72340425531915
1986,Newport News,20.226700251889167
1986,Norfolk,20.029695619896067
1986,Portsmouth,18.35564053537285
1986,Suffolk,15.806451612903226
1986,Surry County,16.129032258064516
1986,Virginia Beach,18.4606379865379
1986,Franklin(City) & Southampton,16.075647516325482
1986,James City & Williamsburg,17.880159657320874
1986,Poquoson & York,9.381009615384615
1987,Chesapeake,18.021818181818183
1987,Gloucester County,16.170212765957448
1987,Hampton,17.6592478894858
1987,Isle of Wight County,15.815899581589958
1987,Newport News,19.893416927899686
1987,Norfolk,20.282608695652176
1987,Portsmouth,18.754752851711025
1987,Suffolk,15.810276679841897
1987,Surry County,16.721311475409838
1987,Virginia Beach,19.046557011430163
1987,Franklin(City) & Southampton,15.706388206388205
1987,James City & Williamsburg,17.184798807749626
1987,Poquoson & York,9.61060909153618
1988,Chesapeake,18.415147265077138
1988,Gloucester County,16.3013698630137
1988,Hampton,17.760968229954617
1988,Isle of Wight County,15.185185185185185
1988,Newport News,20.736648250460405
1988,Norfolk,20.633383010432194
1988,Portsmouth,18.42883548983364
1988,Suffolk,16.1328125
1988,Surry County,13.77049180327869
1988,Virginia Beach,19.010695187165776
1988,Franklin(City) & Southampton,16.913875598086122
1988,James City & Williamsburg,16.25
1988,Poquoson & York,9.632205020554535
1989,Chesapeake,17.715254237288136
1989,Gloucester County,14.280936454849499
1989,Hampton,17.419354838709676
1989,Isle of Wight County,16.761133603238868
1989,Newport News,20.941036331149494
1989,Norfolk,20.65754465982516
1989,Portsmouth,19.104761904761904
1989,Suffolk,16.628131021194605
1989,Surry County,14.426229508196721
1989,Virginia Beach,19.63830340879521
1989,Franklin(City) & Southampton,18.118444055944057
1989,James City & Williamsburg,15.239697334659894
1989,Poquoson & York,10.504469151951167
1990,Chesapeake,14.600413206827124
1990,Gloucester County,15.864060270153661
1990,Hampton,17.54713738033495
1990,Isle of Wight County,14.728774997006346
1990,Newport News,19.703801352084415
1990,Norfolk,21.198086124401915
1990,Portsmouth,19.189683379847946
1990,Suffolk,15.841052490267149
1990,Surry County,14.80878763222132
1990,Virginia Beach,18.08750690047292
1990,Franklin(City) & Southampton,16.557133665475476
1990,James City & Williamsburg,15.58261763905518
1990,Poquoson & York,9.554250825029786
1991,Chesapeake,17.13202779532533
1991,Gloucester County,14.397394136807819
1991,Hampton,16.835164835164836
1991,Isle of Wight County,14.552529182879377
1991,Newport News,20.951546993578514
1991,Norfolk,20.905155450609996
1991,Portsmouth,18.968177434908387
1991,Suffolk,16.482889733840302
1991,Surry County,16.03174603174603
1991,Virginia Beach,18.104738154613468
1991,Franklin(City) & Southampton,15.409356725146198
1991,James City & Williamsburg,14.173455854490339
1991,Poquoson & York,9.538288288288289
1992,Chesapeake,16.278218425869433
1992,Gloucester County,13.885350318471339
1992,Hampton,16.63537906137184
1992,Isle of Wight County,14.21455938697318
1992,Newport News,20.71630005640158
1992,Norfolk,21.525356576862123
1992,Portsmouth,19.36902485659656
1992,Suffolk,15.50943396226415
1992,Surry County,13.59375
1992,Virginia Beach,18.76708984375
1992,Franklin(City) & Southampton,14.290677674578603
1992,James City & Williamsburg,11.223589743589745
1992,Poquoson & York,11.196524577572966
1993,Chesapeake,16.307782328847278
1993,Gloucester County,12.087227414330217
1993,Hampton,16.24113475177305
1993,Isle of Wight County,13.670411985018728
1993,Newport News,20.305257207461842
1993,Norfolk,20.211640211640212
1993,Portsmouth,18.68773946360153
1993,Suffolk,14.264432029795158
1993,Surry County,12.878787878787879
1993,Virginia Beach,17.699371677138714
1993,Franklin(City) & Southampton,13.985636114911081
1993,James City & Williamsburg,12.255409935995122
1993,Poquoson & York,10.494502547599893
1994,Chesapeake,15.606741573033707
1994,Gloucester County,13.507692307692308
1994,Hampton,16.510161177295025
1994,Isle of Wight County,14.059040590405903
1994,Newport News,19.228187919463085
1994,Norfolk,18.614186141861417
1994,Portsmouth,17.37799043062201
1994,Suffolk,13.756906077348066
1994,Surry County,13.181818181818182
1994,Virginia Beach,17.0328615975054
1994,Franklin(City) & Southampton,13.294109551334984
1994,James City & Williamsburg,11.159033613445377
1994,Poquoson & York,10.412110373019928
1995,Chesapeake,14.910374796306355
1995,Gloucester County,12.03647416413374
1995,Hampton,15.275645498953244
1995,Isle of Wight County,11.402877697841726
1995,Newport News,18.2988248461108
1995,Norfolk,18.170426065162907
1995,Portsmouth,17.142857142857142
1995,Suffolk,15.098743267504487
1995,Surry County,9.84848484848485
1995,Virginia Beach,15.961216183864018
1995,Franklin(City) & Southampton,11.210895721925134
1995,James City & Williamsburg,10.085048426150122
1995,Poquoson & York,9.623642397425584
1996,Chesapeake,14.443850267379679
1996,Gloucester County,11.771771771771773
1996,Hampton,14.56005586592179
1996,Isle of Wight County,13.865248226950355
1996,Newport News,17.806524184476938
1996,Norfolk,17.184343434343436
1996,Portsmouth,16.180215475024486
1996,Suffolk,14.643478260869566
1996,Surry County,11.212121212121213
1996,Virginia Beach,15.470249520153551
1996,Franklin(City) & Southampton,11.337012987012987
1996,James City & Williamsburg,10.891711673068299
1996,Poquoson & York,10.137915144333629
1997,Chesapeake,14.26470588235294
1997,Gloucester County,9.821958456973293
1997,Hampton,14.09247757073844
1997,Isle of Wight County,10.874125874125873
1997,Newport News,17.233201581027668
1997,Norfolk,16.53276955602537
1997,Portsmouth,16.469428007889544
1997,Suffolk,14.347826086956523
1997,Surry County,10.149253731343283
1997,Virginia Beach,15.282883743136788
1997,Franklin(City) & Southampton,10.02840909090909
1997,James City & Williamsburg,10.255486375341096
1997,Poquoson & York,8.51089489724409
1998,Chesapeake,14.570837642192346
1998,Gloucester County,11.319648093841641
1998,Hampton,14.113573407202216
1998,Isle of Wight County,12.302405498281786
1998,Newport News,17.51121076233184
1998,Norfolk,17.119727311461443
1998,Portsmouth,16.30952380952381
1998,Suffolk,14.420880913539968
1998,Surry County,9.253731343283581
1998,Virginia Beach,15.251677852348994
1998,Franklin(City) & Southampton,10.636193531141407
1998,James City & Williamsburg,10.539797238999137
1998,Poquoson & York,9.475950022658122
1999,Chesapeake,14.260294865277073
1999,Gloucester County,11.011560693641618
1999,Hampton,13.924398625429554
1999,Isle of Wight County,11.313131313131313
1999,Newport News,17.76227678571429
1999,Norfolk,16.388059701492537
1999,Portsmouth,15.944333996023857
1999,Suffolk,14.88888888888889
1999,Surry County,9.852941176470589
1999,Virginia Beach,14.771319676036207
1999,Franklin(City) & Southampton,11.229805585980284
1999,James City & Williamsburg,8.131670735960935
1999,Poquoson & York,9.84646362949912
2000,Chesapeake,14.147654136906691
2000,Gloucester County,11.613482908316906
2000,Hampton,13.826257517400835
2000,Isle of Wight County,12.184492555145447
2000,Newport News,17.339984530417546
2000,Norfolk,16.987807840951167
2000,Portsmouth,15.377211446778471
2000,Suffolk,15.700852866922068
2000,Surry County,11.550432603620944
2000,Virginia Beach,15.127311607004465
2000,Franklin(City) & Southampton,11.455757016447574
2000,James City & Williamsburg,7.476912350011313
2000,Poquoson & York,10.813530555662927
2001,Chesapeake,13.533685481234517
2001,Gloucester County,11.413114826479402
2001,Hampton,13.29631377878586
2001,Isle of Wight County,11.242158882586741
2001,Newport News,17.803002916242995
2001,Norfolk,17.08692500352035
2001,Portsmouth,16.051255445551433
2001,Suffolk,14.171130538284428
2001,Surry County,11.260202754216188
2001,Virginia Beach,14.442715085186734
2001,Franklin(City) & Southampton,13.53380671423569
2001,James City & Williamsburg,8.863457624713996
2001,Poquoson & York,9.09899904231846
2002,Chesapeake,13.438213329419712
2002,Gloucester County,11.766495507844287
2002,Hampton,12.962559432308566
2002,Isle of Wight County,11.770710210424275
2002,Newport News,17.619676563358755
2002,Norfolk,17.49747285281263
2002,Portsmouth,15.680524015688112
2002,Suffolk,15.27505152503499
2002,Surry County,9.468651985149725
2002,Virginia Beach,14.565527619294327
2002,Franklin(City) & Southampton,12.105723600649984
2002,James City & Williamsburg,9.554963686292124
2002,Poquoson & York,8.997578306488297
2003,Chesapeake,13.835635216009864
2003,Gloucester County,10.798889414397422
2003,Hampton,12.726925447389029
2003,Isle of Wight County,10.419131441439113
2003,Newport News,17.74648894040918
2003,Norfolk,16.66454453549125
2003,Portsmouth,16.38135715324297
2003,Suffolk,15.052717371838073
2003,Surry County,10.540619210233588
2003,Virginia Beach,14.81977794187269
2003,Franklin(City) & Southampton,13.57112780945727
2003,James City & Williamsburg,12.04491869090435
2003,Poquoson & York,8.782780637510102
2004,Chesapeake,14.113322810080813
2004,Gloucester County,11.718021020800037
2004,Hampton,13.88676524240744
2004,Isle of Wight County,11.241733798646974
2004,Newport News,17.637888635340037
2004,Norfolk,17.15483241117949
2004,Portsmouth,16.880235433932523
2004,Suffolk,15.6239898450253
2004,Surry County,9.487862154236089
2004,Virginia Beach,15.281824161979483
2004,Franklin(City) & Southampton,13.980466509571656
2004,James City & Williamsburg,10.919230812846948
2004,Poquoson & York,8.850626939835845
2005,Chesapeake,13.511118381631727
2005,Gloucester County,11.325884652920163
2005,Hampton,14.19932192592127
2005,Isle of Wight County,10.72328285399356
2005,Newport News,17.807058431522666
2005,Norfolk,17.113920512816488
2005,Portsmouth,16.56679260130959
2005,Suffolk,15.065836187500391
2005,Surry County,7.665543119286013
2005,Virginia Beach,14.63237221616972
2005,Franklin(City) & Southampton,12.947338695706298
2005,James City & Williamsburg,13.042157626223208
2005,Poquoson & York,7.628542389146051
2006,Chesapeake,13.549641577614999
2006,Gloucester County,9.873316093007826
2006,Hampton,14.9459390359926
2006,Isle of Wight County,11.811300864960838
2006,Newport News,17.808168505542316
2006,Norfolk,16.862009824365686
2006,Portsmouth,17.895886064094856
2006,Suffolk,14.955975664792934
2006,Surry County,12.050703068316245
2006,Virginia Beach,15.096507080116027
2006,Franklin(City) & Southampton,14.901672997249014
2006,James City & Williamsburg,11.92119362286379
2006,Poquoson & York,8.173200260466155
2007,Chesapeake,13.858024689569325
2007,Gloucester County,10.855524366010973
2007,Hampton,15.17524385660069
2007,Isle of Wight County,10.453671236391589
2007,Newport News,17.861434517689904
2007,Norfolk,17.19011137086721
2007,Portsmouth,16.952519439475687
2007,Suffolk,14.857738854008698
2007,Surry County,9.992901737171671
2007,Virginia Beach,15.004923189711832
2007,Franklin(City) & Southampton,13.641590305134123
2007,James City & Williamsburg,10.552743108346002
2007,Poquoson & York,7.712808920493043
2008,Chesapeake,13.273623926898727
2008,Gloucester County,10.263887625469337
2008,Hampton,14.080614214572972
2008,Isle of Wight County,11.100795573045513
2008,Newport News,18.022319346000614
2008,Norfolk,16.824211351619216
2008,Portsmouth,16.11399732551858
2008,Suffolk,13.286305303451648
2008,Surry County,10.361317166127124
2008,Virginia Beach,14.512166482923833
2008,Franklin(City) & Southampton,13.042985340198278
2008,James City & Williamsburg,11.569871478903146
2008,Poquoson & York,8.250409618569117
2009,Chesapeake,12.670918416225618
2009,Gloucester County,9.924879833737677
2009,Hampton,13.904761713807053
2009,Isle of Wight County,10.618480453991195
2009,Newport News,17.6913805551682
2009,Norfolk,15.748697796708434
2009,Portsmouth,16.856782827207326
2009,Suffolk,14.016687862804655
2009,Surry County,11.026277203790915
2009,Virginia Beach,14.462297511938294
2009,Franklin(City) & Southampton,12.433882517847401
2009,James City & Williamsburg,10.11467057773568
2009,Poquoson & York,8.226178426751792
2010,Chesapeake,12.704177611983763
2010,Gloucester County,9.728414677338906
2010,Hampton,13.077361704022238
2010,Isle of Wight County,9.601230792561042
2010,Newport News,16.670908853885674
2010,Norfolk,15.603675501645336
2010,Portsmouth,16.668678542388854
2010,Suffolk,13.009873802919044
2010,Surry County,8.071319410898209
2010,Virginia Beach,14.018494738093276
2010,Franklin(City) & Southampton,12.432975203402918
2010,James City & Williamsburg,8.38202866427814
2010,Poquoson & York,7.931702899610186
2011,Chesapeake,12.164809260837327
2011,Gloucester County,9.219487888539906
2011,Hampton,12.58628960695689
2011,Isle of Wight County,8.996688710904241
2011,Newport News,16.84283792704383
2011,Norfolk,15.238672948486482
2011,Portsmouth,16.395432938009698
2011,Suffolk,13.034982766282411
2011,Surry County,8.323689334655938
2011,Virginia Beach,14.162174461490626
2011,Franklin(City) & Southampton,13.173080519958443
2011,James City & Williamsburg,8.141717708624729
2011,Poquoson & York,7.999650765819599
2012,Chesapeake,12.291310634941501
2012,Gloucester County,9.600822154911294
2012,Hampton,13.143869555197048
2012,Isle of Wight County,8.291873963515755
2012,Newport News,15.845656217442768
2012,Norfolk,15.34969060589171
2012,Portsmouth,15.741405849153411
2012,Suffolk,12.571851543434764
2012,Surry County,9.23920889273856
2012,Virginia Beach,14.011517601549983
2012,Franklin(City) & Southampton,12.485886748660505
2012,James City & Williamsburg,8.10521683368116
2012,Poquoson & York,7.936521117580435
2013,Chesapeake,11.95396970516403
2013,Gloucester County,9.561667382896433
2013,Hampton,13.06893377064273
2013,Isle of Wight County,8.611705337063244
2013,Newport News,15.57150022899265
2013,Norfolk,15.037014188772362
2013,Portsmouth,16.010983679326117
2013,Suffolk,12.421582357026562
2013,Surry County,8.599684678228465
2013,Virginia Beach,13.351036857135233
2013,Franklin(City) & Southampton,13.250824245995217
2013,James City & Williamsburg,7.763955545485521
2013,Poquoson & York,8.221292034178083
2014,Chesapeake,12.79505003437476
2014,Gloucester County,9.885829415715245
2014,Hampton,12.891118409181134
2014,Isle of Wight County,10.284197721994914
2014,Newport News,15.319422781165127
2014,Norfolk,14.691916199258099
2014,Portsmouth,15.247618850850188
2014,Suffolk,12.21172951130757
2014,Surry County,7.176690110521028
2014,Virginia Beach,13.478807630315803
2014,Franklin(City) & Southampton,13.008985804921032
2014,James City & Williamsburg,8.011378982240668
2014,Poquoson & York,9.209203005979958
2015,Chesapeake,12.522924421800969
2015,Gloucester County,9.926629261976693
2015,Hampton,11.808751605038015
2015,Isle of Wight County,9.77002030846918
2015,Newport News,15.257230695433186
2015,Norfolk,15.073486279729277
2015,Portsmouth,15.917583665379773
2015,Suffolk,12.86134518833079
2015,Surry County,8.798944126704795
2015,Virginia Beach,13.453142227122381
2015,Franklin(City) & Southampton,10.971868523628888
2015,James City & Williamsburg,8.043884070394027
2015,Poquoson & York,8.545231369552582
