year,jurisdiction,deathrate
1970,Chesapeake,6.96584058941728
1970,Gloucester County,11.380610285226545
1970,Hampton,6.093774580018049
1970,Isle of Wight County,10.117582718074924
1970,Newport News,6.578518856249593
1970,Norfolk,8.007767469500017
1970,Portsmouth,9.77803411948127
1970,Suffolk,3.464818763326226
1970,Surry County,11.39068344100646
1970,Virginia Beach,4.293865408527303
1970,Franklin(City) & Southampton,10.148394733087533
1970,James City & Williamsburg,5.668439126835414
1970,Poquoson & York,3.0437288379799727
1971,Chesapeake,7.431991294885745
1971,Gloucester County,11.088435374149661
1971,Hampton,6.197530864197531
1971,Isle of Wight County,10.0
1971,Newport News,6.921428571428572
1971,Norfolk,8.26331458815746
1971,Portsmouth,9.946236559139786
1971,Suffolk,3.701298701298701
1971,Surry County,11.228070175438596
1971,Virginia Beach,4.323725055432372
1971,Franklin(City) & Southampton,11.717011128775834
1971,James City & Williamsburg,5.570335882939807
1971,Poquoson & York,2.986111111111111
1972,Chesapeake,7.4258474576271185
1972,Gloucester County,9.673202614379084
1972,Hampton,6.549295774647887
1972,Isle of Wight County,8.974358974358974
1972,Newport News,7.417027417027417
1972,Norfolk,8.913726859937128
1972,Portsmouth,11.101851851851851
1972,Suffolk,3.2985386221294366
1972,Surry County,13.620689655172415
1972,Virginia Beach,4.393216746157923
1972,Franklin(City) & Southampton,10.534424650938853
1972,James City & Williamsburg,6.990946674341934
1972,Poquoson & York,3.0303030303030303
1973,Chesapeake,7.737003058103976
1973,Gloucester County,8.841463414634147
1973,Hampton,6.687451286048324
1973,Isle of Wight County,9.141414141414142
1973,Newport News,7.224606580829756
1973,Norfolk,9.059027777777779
1973,Portsmouth,10.57866184448463
1973,Suffolk,11.821946169772257
1973,Surry County,13.508771929824562
1973,Virginia Beach,4.348263714141923
1973,Franklin(City) & Southampton,10.472826086956523
1973,James City & Williamsburg,6.189594072164949
1973,Poquoson & York,3.2450331125827816
1974,Chesapeake,7.4731707317073175
1974,Gloucester County,8.08139534883721
1974,Hampton,6.403100775193798
1974,Isle of Wight County,10.1
1974,Newport News,7.01418439716312
1974,Norfolk,8.749567024593004
1974,Portsmouth,10.322283609576427
1974,Suffolk,9.775051124744376
1974,Surry County,10.0
1974,Virginia Beach,4.349477682811016
1974,Franklin(City) & Southampton,10.296252927400468
1974,James City & Williamsburg,7.135637760258744
1974,Poquoson & York,3.3056478405315612
1975,Chesapeake,7.1292775665399235
1975,Gloucester County,8.285714285714286
1975,Hampton,6.503875968992248
1975,Isle of Wight County,8.374384236453201
1975,Newport News,6.968421052631579
1975,Norfolk,7.9908835904628335
1975,Portsmouth,10.028063610851262
1975,Suffolk,9.612244897959183
1975,Surry County,10.158730158730158
1975,Virginia Beach,4.454128440366972
1975,Franklin(City) & Southampton,9.942480890032543
1975,James City & Williamsburg,5.894300518134715
1975,Poquoson & York,3.8266169154228855
1976,Chesapeake,6.5625
1976,Gloucester County,8.870056497175142
1976,Hampton,6.286388670338317
1976,Isle of Wight County,8.325358851674642
1976,Newport News,7.071330589849108
1976,Norfolk,8.646350106307583
1976,Portsmouth,10.084190832553787
1976,Suffolk,10.020833333333334
1976,Surry County,10.476190476190476
1976,Virginia Beach,4.3162583518930955
1976,Franklin(City) & Southampton,9.167110772744575
1976,James City & Williamsburg,5.860793692975463
1976,Poquoson & York,5.18956043956044
1977,Chesapeake,6.4171122994652405
1977,Gloucester County,8.571428571428571
1977,Hampton,6.255886970172684
1977,Isle of Wight County,8.19047619047619
1977,Newport News,6.891891891891892
1977,Norfolk,8.178913738019169
1977,Portsmouth,9.333333333333334
1977,Suffolk,9.630390143737166
1977,Surry County,8.524590163934427
1977,Virginia Beach,4.3062605752961085
1977,Franklin(City) & Southampton,9.173759132334112
1977,James City & Williamsburg,6.708783232011614
1977,Poquoson & York,5.77647576387778
1978,Chesapeake,6.535087719298246
1978,Gloucester County,9.68421052631579
1978,Hampton,6.325396825396825
1978,Isle of Wight County,7.649769585253456
1978,Newport News,7.061579651941098
1978,Norfolk,8.233597692862293
1978,Portsmouth,9.868173258003766
1978,Suffolk,10.03875968992248
1978,Surry County,12.459016393442624
1978,Virginia Beach,4.379860826852231
1978,Franklin(City) & Southampton,11.863945096929388
1978,James City & Williamsburg,7.316595441595441
1978,Poquoson & York,5.42226592374085
1979,Chesapeake,6.393013100436681
1979,Gloucester County,8.686868686868687
1979,Hampton,6.42512077294686
1979,Isle of Wight County,7.71689497716895
1979,Newport News,6.788370520622042
1979,Norfolk,8.229398663697106
1979,Portsmouth,10.266920877025738
1979,Suffolk,9.655172413793103
1979,Surry County,11.5
1979,Virginia Beach,4.491159135559921
1979,Franklin(City) & Southampton,9.503777971519906
1979,James City & Williamsburg,7.048734892618034
1979,Poquoson & York,4.682302697822992
1980,Chesapeake,7.118774347955208
1980,Gloucester County,8.355299149549909
1980,Hampton,6.687490315372257
1980,Isle of Wight County,8.748784890987363
1980,Newport News,8.14337867400951
1980,Norfolk,9.06438334101184
1980,Portsmouth,9.944825344004895
1980,Suffolk,11.570525608450053
1980,Surry County,10.254713860403573
1980,Virginia Beach,4.519468037635536
1980,Franklin(City) & Southampton,9.5241631023177
1980,James City & Williamsburg,8.613969478278019
1980,Poquoson & York,5.723878526756384
1981,Chesapeake,7.090128755364807
1981,Gloucester County,9.282296650717704
1981,Hampton,6.856
1981,Isle of Wight County,9.027777777777777
1981,Newport News,7.341349365397462
1981,Norfolk,8.141657539247902
1981,Portsmouth,9.380952380952381
1981,Suffolk,10.822784810126583
1981,Surry County,9.833333333333334
1981,Virginia Beach,4.705240174672489
1981,Franklin(City) & Southampton,10.038745784602138
1981,James City & Williamsburg,6.625651890482398
1981,Poquoson & York,5.244286963036963
1982,Chesapeake,6.793248945147679
1982,Gloucester County,9.12442396313364
1982,Hampton,6.449563145353455
1982,Isle of Wight County,9.04109589041096
1982,Newport News,6.688610928242264
1982,Norfolk,8.006030908405577
1982,Portsmouth,9.830348727615458
1982,Suffolk,10.126315789473685
1982,Surry County,7.666666666666667
1982,Virginia Beach,4.44129123802767
1982,Franklin(City) & Southampton,9.377389003234343
1982,James City & Williamsburg,7.094691535150646
1982,Poquoson & York,4.467789598108746
1983,Chesapeake,7.161825726141079
1983,Gloucester County,8.634361233480176
1983,Hampton,6.485849056603773
1983,Isle of Wight County,8.153153153153154
1983,Newport News,7.0857891290111334
1983,Norfolk,8.129784907036091
1983,Portsmouth,10.26340545625588
1983,Suffolk,10.605427974947808
1983,Surry County,8.333333333333334
1983,Virginia Beach,4.683801149814001
1983,Franklin(City) & Southampton,11.268009408997354
1983,James City & Williamsburg,7.763863357843138
1983,Poquoson & York,4.782248858447488
1984,Chesapeake,7.1336553945249594
1984,Gloucester County,9.12863070539419
1984,Hampton,6.847911741528763
1984,Isle of Wight County,9.86784140969163
1984,Newport News,7.474093264248705
1984,Norfolk,8.222543352601155
1984,Portsmouth,10.467726847521048
1984,Suffolk,10.270833333333334
1984,Surry County,10.491803278688526
1984,Virginia Beach,4.525806451612903
1984,Franklin(City) & Southampton,11.349773821683932
1984,James City & Williamsburg,8.680595720069403
1984,Poquoson & York,5.648532140128779
1985,Chesapeake,7.150621118012422
1985,Gloucester County,7.34375
1985,Hampton,7.2669826224328595
1985,Isle of Wight County,7.59656652360515
1985,Newport News,7.367750159337157
1985,Norfolk,8.608402100525131
1985,Portsmouth,10.469043151969982
1985,Suffolk,11.004098360655739
1985,Surry County,13.114754098360656
1985,Virginia Beach,4.547152194211018
1985,Franklin(City) & Southampton,10.844155844155843
1985,James City & Williamsburg,7.981777548564552
1985,Poquoson & York,5.413981874377914
1986,Chesapeake,7.479245283018868
1986,Gloucester County,8.592592592592593
1986,Hampton,7.282693813625685
1986,Isle of Wight County,8.127659574468085
1986,Newport News,7.928211586901763
1986,Norfolk,8.574610244988865
1986,Portsmouth,10.564053537284895
1986,Suffolk,10.866935483870968
1986,Surry County,11.612903225806452
1986,Virginia Beach,4.767339771729588
1986,Franklin(City) & Southampton,12.32702325922665
1986,James City & Williamsburg,6.755094755970925
1986,Poquoson & York,5.228365384615385
1987,Chesapeake,7.3090909090909095
1987,Gloucester County,8.191489361702128
1987,Hampton,7.129700690713737
1987,Isle of Wight County,7.531380753138076
1987,Newport News,7.912225705329154
1987,Norfolk,8.257246376811594
1987,Portsmouth,10.209125475285171
1987,Suffolk,10.158102766798418
1987,Surry County,11.80327868852459
1987,Virginia Beach,4.597156398104265
1987,Franklin(City) & Southampton,12.929975429975428
1987,James City & Williamsburg,7.063338301043219
1987,Poquoson & York,5.091628152951186
1988,Chesapeake,7.208976157082749
1988,Gloucester County,8.972602739726028
1988,Hampton,7.178517397881998
1988,Isle of Wight County,9.34156378600823
1988,Newport News,7.268262737875998
1988,Norfolk,8.681073025335321
1988,Portsmouth,10.240295748613677
1988,Suffolk,11.1328125
1988,Surry County,11.311475409836067
1988,Virginia Beach,4.5133689839572195
1988,Franklin(City) & Southampton,12.529904306220097
1988,James City & Williamsburg,7.008928571428571
1988,Poquoson & York,4.836766378028514
1989,Chesapeake,6.772881355932204
1989,Gloucester County,7.892976588628763
1989,Hampton,7.46436609152288
1989,Isle of Wight County,8.380566801619434
1989,Newport News,7.355568790946992
1989,Norfolk,8.517673888255416
1989,Portsmouth,10.2
1989,Suffolk,10.789980732177264
1989,Surry County,12.295081967213115
1989,Virginia Beach,4.5303148581837105
1989,Franklin(City) & Southampton,11.888111888111888
1989,James City & Williamsburg,7.766403099963345
1989,Poquoson & York,5.086875953782428
1990,Chesapeake,7.053466857917385
1990,Gloucester County,8.230725830539976
1990,Hampton,7.346182301903431
1990,Isle of Wight County,9.260368019798028
1990,Newport News,7.507043321531274
1990,Norfolk,8.742583732057417
1990,Portsmouth,10.47059955730921
1990,Suffolk,10.432848129183208
1990,Surry County,8.299430431244915
1990,Virginia Beach,4.56385195210245
1990,Franklin(City) & Southampton,11.913983589975452
1990,James City & Williamsburg,7.591768239398216
1990,Poquoson & York,6.176548012117789
1991,Chesapeake,6.898294377763739
1991,Gloucester County,8.143322475570033
1991,Hampton,7.128205128205129
1991,Isle of Wight County,8.599221789883268
1991,Newport News,7.203736135434909
1991,Norfolk,8.84297520661157
1991,Portsmouth,10.916104146576663
1991,Suffolk,10.494296577946768
1991,Surry County,10.793650793650794
1991,Virginia Beach,4.628428927680798
1991,Franklin(City) & Southampton,11.6980459278277
1991,James City & Williamsburg,8.240810913224706
1991,Poquoson & York,6.34009009009009
1992,Chesapeake,6.693105552165955
1992,Gloucester County,8.694267515923567
1992,Hampton,6.8014440433212995
1992,Isle of Wight County,7.739463601532567
1992,Newport News,6.9825155104342915
1992,Norfolk,9.088748019017432
1992,Portsmouth,10.516252390057362
1992,Suffolk,10.716981132075471
1992,Surry County,10.0
1992,Virginia Beach,4.7216796875
1992,Franklin(City) & Southampton,13.291709666322669
1992,James City & Williamsburg,9.193504273504274
1992,Poquoson & York,6.3876728110599075
1993,Chesapeake,6.904622586307782
1993,Gloucester County,8.473520249221183
1993,Hampton,7.50354609929078
1993,Isle of Wight County,8.838951310861423
1993,Newport News,7.490107405313736
1993,Norfolk,9.336589336589338
1993,Portsmouth,11.130268199233717
1993,Suffolk,10.670391061452513
1993,Surry County,8.636363636363637
1993,Virginia Beach,4.780086998550024
1993,Franklin(City) & Southampton,11.995212038303693
1993,James City & Williamsburg,8.645883223755824
1993,Poquoson & York,6.229552158755698
1994,Chesapeake,6.337078651685394
1994,Gloucester County,8.430769230769231
1994,Hampton,7.1198318149964965
1994,Isle of Wight County,8.081180811808117
1994,Newport News,7.779642058165548
1994,Norfolk,9.052890528905289
1994,Portsmouth,10.966507177033494
1994,Suffolk,11.233885819521179
1994,Surry County,10.606060606060607
1994,Virginia Beach,4.790117534180859
1994,Franklin(City) & Southampton,11.435452793834296
1994,James City & Williamsburg,8.355567226890756
1994,Poquoson & York,6.315278487480838
1995,Chesapeake,6.947311243889191
1995,Gloucester County,7.933130699088146
1995,Hampton,7.592463363572923
1995,Isle of Wight County,8.81294964028777
1995,Newport News,7.957470621152771
1995,Norfolk,9.736842105263158
1995,Portsmouth,11.253644314868804
1995,Suffolk,10.915619389587073
1995,Surry County,9.393939393939394
1995,Virginia Beach,5.04189609767776
1995,Franklin(City) & Southampton,13.60461229946524
1995,James City & Williamsburg,7.602098466505247
1995,Poquoson & York,5.114055376776616
1996,Chesapeake,6.401069518716578
1996,Gloucester County,7.7477477477477485
1996,Hampton,7.500000000000001
1996,Isle of Wight County,9.184397163120568
1996,Newport News,7.890888638920134
1996,Norfolk,9.372895622895623
1996,Portsmouth,10.90107737512243
1996,Suffolk,10.295652173913043
1996,Surry County,12.575757575757576
1996,Virginia Beach,5.184740882917466
1996,Franklin(City) & Southampton,11.335064935064935
1996,James City & Williamsburg,8.336680379808536
1996,Poquoson & York,6.286247983937329
1997,Chesapeake,6.544117647058823
1997,Gloucester County,7.982195845697329
1997,Hampton,7.474120082815735
1997,Isle of Wight County,9.055944055944055
1997,Newport News,7.6228119706380575
1997,Norfolk,9.23044397463002
1997,Portsmouth,11.143984220907297
1997,Suffolk,8.829431438127092
1997,Surry County,10.895522388059701
1997,Virginia Beach,5.287658152303653
1997,Franklin(City) & Southampton,11.704545454545453
1997,James City & Williamsburg,8.726027134017448
1997,Poquoson & York,6.191756710507017
1998,Chesapeake,6.820062047569803
1998,Gloucester County,8.680351906158357
1998,Hampton,7.60387811634349
1998,Isle of Wight County,7.972508591065291
1998,Newport News,7.903587443946188
1998,Norfolk,8.892202812100555
1998,Portsmouth,11.170634920634921
1998,Suffolk,9.804241435562806
1998,Surry County,9.253731343283581
1998,Virginia Beach,5.3978906999041225
1998,Franklin(City) & Southampton,13.689521518310613
1998,James City & Williamsburg,9.465235835490365
1998,Poquoson & York,7.017220172201722
1999,Chesapeake,6.95475343162176
1999,Gloucester County,9.30635838150289
1999,Hampton,7.3951890034364265
1999,Isle of Wight County,8.787878787878789
1999,Newport News,8.147321428571429
1999,Norfolk,8.707889125799573
1999,Portsmouth,11.371769383697814
1999,Suffolk,10.571428571428571
1999,Surry County,10.441176470588236
1999,Virginia Beach,5.7670319199618865
1999,Franklin(City) & Southampton,12.267593099671412
1999,James City & Williamsburg,9.385071503313569
1999,Poquoson & York,6.554241127611377
2000,Chesapeake,6.774300163649394
2000,Gloucester County,8.860657330049195
2000,Hampton,7.852876859858408
2000,Isle of Wight County,7.9667835937489455
2000,Newport News,8.170760464908843
2000,Norfolk,8.600504120280748
2000,Portsmouth,11.144494565378958
2000,Suffolk,9.252288296579076
2000,Surry County,6.725568351475486
2000,Virginia Beach,5.507231956074437
2000,Franklin(City) & Southampton,14.87697845396941
2000,James City & Williamsburg,9.077449142139859
2000,Poquoson & York,6.610627179848826
2001,Chesapeake,6.7298114961410604
2001,Gloucester County,8.323850662921068
2001,Hampton,7.686607965525401
2001,Isle of Wight County,10.078030004212374
2001,Newport News,7.853610240759668
2001,Norfolk,8.82221557466941
2001,Portsmouth,10.704212622049125
2001,Suffolk,9.249153404840413
2001,Surry County,10.821493555999973
2001,Virginia Beach,5.732164581031508
2001,Franklin(City) & Southampton,14.147484882108097
2001,James City & Williamsburg,8.91551636660718
2001,Poquoson & York,5.5121363875764935
2002,Chesapeake,7.145172466335044
2002,Gloucester County,8.17671721731552
2002,Hampton,7.810862003935264
2002,Isle of Wight County,9.830844561220275
2002,Newport News,7.6426041875767465
2002,Norfolk,8.903788079508441
2002,Portsmouth,10.94274385500262
2002,Suffolk,9.326732783717016
2002,Surry County,12.723501105044942
2002,Virginia Beach,5.904249004484563
2002,Franklin(City) & Southampton,12.887586232053852
2002,James City & Williamsburg,9.23164682414144
2002,Poquoson & York,6.843184287599787
2003,Chesapeake,6.675935873459305
2003,Gloucester County,8.474718989251521
2003,Hampton,8.086168101932255
2003,Isle of Wight County,9.092471847963946
2003,Newport News,7.856633646719132
2003,Norfolk,8.492914756925906
2003,Portsmouth,11.314112047606134
2003,Suffolk,9.125796456339733
2003,Surry County,12.470591741684808
2003,Virginia Beach,6.127989811443118
2003,Franklin(City) & Southampton,13.486150171981492
2003,James City & Williamsburg,8.982623236764496
2003,Poquoson & York,7.345369185586564
2004,Chesapeake,6.760163026677364
2004,Gloucester County,9.048447886565016
2004,Hampton,8.03563957375524
2004,Isle of Wight County,10.228394413980205
2004,Newport News,7.542590554913035
2004,Norfolk,8.204485066216279
2004,Portsmouth,10.935768796603522
2004,Suffolk,8.826368630832167
2004,Surry County,6.967648769517127
2004,Virginia Beach,5.8444665849791
2004,Franklin(City) & Southampton,11.883262938433694
2004,James City & Williamsburg,8.239705535222829
2004,Poquoson & York,6.00828796307816
2005,Chesapeake,6.858198902278535
2005,Gloucester County,7.830241241525051
2005,Hampton,7.316926007236824
2005,Isle of Wight County,7.756610940496782
2005,Newport News,7.828917715627558
2005,Norfolk,8.245760090871308
2005,Portsmouth,10.768415190851233
2005,Suffolk,7.928715485116731
2005,Surry County,8.697443154574515
2005,Virginia Beach,5.981801803821185
2005,Franklin(City) & Southampton,12.361368706283848
2005,James City & Williamsburg,7.160702498290897
2005,Poquoson & York,5.979886726832477
2006,Chesapeake,6.668094159942723
2006,Gloucester County,9.625795633851641
2006,Hampton,7.409579578635351
2006,Isle of Wight County,9.721609173467767
2006,Newport News,7.425119438747616
2006,Norfolk,8.435182813526838
2006,Portsmouth,10.158788534090544
2006,Suffolk,8.48343157456742
2006,Surry County,7.797513750086982
2006,Virginia Beach,5.880442380224881
2006,Franklin(City) & Southampton,12.710495190069322
2006,James City & Williamsburg,7.631493409000791
2006,Poquoson & York,7.140254271014469
2007,Chesapeake,7.01227150513588
2007,Gloucester County,9.253436800543705
2007,Hampton,7.832842496474923
2007,Isle of Wight County,8.745747485093808
2007,Newport News,7.42982605749775
2007,Norfolk,8.588855837620116
2007,Portsmouth,11.284472440527969
2007,Suffolk,8.55707117400999
2007,Surry County,10.137726400029232
2007,Virginia Beach,6.075231452674666
2007,Franklin(City) & Southampton,13.584789368510723
2007,James City & Williamsburg,7.780318129789098
2007,Poquoson & York,6.627575405276138
2008,Chesapeake,7.10037905079956
2008,Gloucester County,9.248476282842692
2008,Hampton,8.464029474786281
2008,Isle of Wight County,8.672496541441808
2008,Newport News,7.394054589523946
2008,Norfolk,7.720699729852654
2008,Portsmouth,10.186533357546471
2008,Suffolk,8.325272038768325
2008,Surry County,9.793573759763994
2008,Virginia Beach,6.057988437202237
2008,Franklin(City) & Southampton,12.4783099471689
2008,James City & Williamsburg,7.117395865703504
2008,Poquoson & York,7.050819939458515
2009,Chesapeake,6.961043151463266
2009,Gloucester County,9.924879833737677
2009,Hampton,8.30263664316165
2009,Isle of Wight County,8.925263300516924
2009,Newport News,7.725493692213188
2009,Norfolk,8.095699674257979
2009,Portsmouth,10.884724832355685
2009,Suffolk,8.182453363778883
2009,Surry County,8.481751695223782
2009,Virginia Beach,6.16545763633549
2009,Franklin(City) & Southampton,11.376107519568091
2009,James City & Williamsburg,6.3337923097314945
2009,Poquoson & York,5.172698854322817
2010,Chesapeake,6.6034788930134685
2010,Gloucester County,9.67421738108632
2010,Hampton,8.302739677191376
2010,Isle of Wight County,9.177647081124524
2010,Newport News,7.6380658095492135
2010,Norfolk,7.676300398461765
2010,Portsmouth,10.693114536626812
2010,Suffolk,8.007882611544032
2010,Surry County,12.602586448595448
2010,Virginia Beach,6.2618833731609875
2010,Franklin(City) & Southampton,12.518623408685498
2010,James City & Williamsburg,7.506396331286102
2010,Poquoson & York,7.822541578553654
2011,Chesapeake,6.905786916632543
2011,Gloucester County,9.246524509913923
2011,Hampton,7.934676501783118
2011,Isle of Wight County,9.56074442945623
2011,Newport News,7.7005300328957365
2011,Norfolk,7.590646127110534
2011,Portsmouth,10.989090810982448
2011,Suffolk,8.227092972452192
2011,Surry County,8.897736874977038
2011,Virginia Beach,6.243685492303836
2011,Franklin(City) & Southampton,12.435312428428231
2011,James City & Williamsburg,8.09902619417482
2011,Poquoson & York,6.853199111370538
2012,Chesapeake,6.932211559528504
2012,Gloucester County,9.032886196451752
2012,Hampton,8.203215026503802
2012,Isle of Wight County,9.950248756218906
2012,Newport News,7.843736193006094
2012,Norfolk,7.432781536433648
2012,Portsmouth,10.056439199589533
2012,Suffolk,8.39665521668228
2012,Surry County,11.83773639382128
2012,Virginia Beach,6.3197084174136124
2012,Franklin(City) & Southampton,12.020257422700098
2012,James City & Williamsburg,7.72530680010337
2012,Poquoson & York,7.3683851649975995
2013,Chesapeake,7.2195967842319195
2013,Gloucester County,9.158788139235067
2013,Hampton,8.616721330341216
2013,Isle of Wight County,9.105369974219736
2013,Newport News,7.654897171395547
2013,Norfolk,7.950745154063444
2013,Portsmouth,10.312683878560147
2013,Suffolk,8.140633717024741
2013,Surry County,8.313028522287516
2013,Virginia Beach,6.525394325976141
2013,Franklin(City) & Southampton,12.346412782002577
2013,James City & Williamsburg,9.208775652676028
2013,Poquoson & York,6.6008006593741095
2014,Chesapeake,
2014,Gloucester County,
2014,Hampton,
2014,Isle of Wight County,
2014,Newport News,
2014,Norfolk,
2014,Portsmouth,
2014,Suffolk,
2014,Surry County,
2014,Virginia Beach,
2014,Franklin(City) & Southampton,
2014,James City & Williamsburg,
2014,Poquoson & York,
2015,Chesapeake,7.3945686431679984
2015,Gloucester County,9.602934829520931
2015,Hampton,9.03870846738707
2015,Isle of Wight County,8.315494813107195
2015,Newport News,8.465337359774113
2015,Norfolk,7.896791523894672
2015,Portsmouth,11.313665173317919
2015,Suffolk,8.194545816468715
2015,Surry County,13.93166153394926
2015,Virginia Beach,6.725468577728776
2015,Franklin(City) & Southampton,11.659717221547009
2015,James City & Williamsburg,6.4810168229994325
2015,Poquoson & York,7.763652076789733
