year,jurisdiction,unemployed_rate
1990,Chesapeake,0.043
1990,Gloucester,0.035
1990,Hampton,0.053
1990,Isle of Wight,0.052000000000000005
1990,Newport News,0.052000000000000005
1990,Norfolk,0.047
1990,Portsmouth,0.066
1990,Suffolk,0.063
1990,Surry County,0.065
1990,Virginia Beach,0.039
1990,Franklin(City) & Southampton,0.048
1990,James City & Williamsburg,0.059500000000000004
1990,Poquoson & York,0.037000000000000005
1991,Chesapeake,0.055
1991,Gloucester,0.045
1991,Hampton,0.06
1991,Isle of Wight,0.061
1991,Newport News,0.06
1991,Norfolk,0.062
1991,Portsmouth,0.076
1991,Suffolk,0.063
1991,Surry County,0.092
1991,Virginia Beach,0.048
1991,Franklin(City) & Southampton,0.057
1991,James City & Williamsburg,0.066
1991,Poquoson & York,0.036000000000000004
1992,Chesapeake,0.055
1992,Gloucester,0.048
1992,Hampton,0.07
1992,Isle of Wight,0.073
1992,Newport News,0.068
1992,Norfolk,0.07200000000000001
1992,Portsmouth,0.084
1992,Suffolk,0.077
1992,Surry County,0.131
1992,Virginia Beach,0.052000000000000005
1992,Franklin(City) & Southampton,0.063
1992,James City & Williamsburg,0.08
1992,Poquoson & York,0.0385
1993,Chesapeake,0.046
1993,Gloucester,0.046
1993,Hampton,0.064
1993,Isle of Wight,0.065
1993,Newport News,0.065
1993,Norfolk,0.068
1993,Portsmouth,0.076
1993,Suffolk,0.068
1993,Surry County,0.113
1993,Virginia Beach,0.045
1993,Franklin(City) & Southampton,0.062
1993,James City & Williamsburg,0.068
1993,Poquoson & York,0.0345
1994,Chesapeake,0.05
1994,Gloucester,0.046
1994,Hampton,0.062
1994,Isle of Wight,0.061
1994,Newport News,0.064
1994,Norfolk,0.071
1994,Portsmouth,0.08800000000000001
1994,Suffolk,0.07200000000000001
1994,Surry County,0.11900000000000001
1994,Virginia Beach,0.048
1994,Franklin(City) & Southampton,0.056499999999999995
1994,James City & Williamsburg,0.0675
1994,Poquoson & York,0.035500000000000004
1995,Chesapeake,0.04
1995,Gloucester,0.036000000000000004
1995,Hampton,0.055
1995,Isle of Wight,0.051
1995,Newport News,0.055999999999999994
1995,Norfolk,0.064
1995,Portsmouth,0.071
1995,Suffolk,0.063
1995,Surry County,0.095
1995,Virginia Beach,0.043
1995,Franklin(City) & Southampton,0.048
1995,James City & Williamsburg,0.054
1995,Poquoson & York,0.0295
1996,Chesapeake,0.039
1996,Gloucester,0.037000000000000005
1996,Hampton,0.051
1996,Isle of Wight,0.051
1996,Newport News,0.054000000000000006
1996,Norfolk,0.068
1996,Portsmouth,0.076
1996,Suffolk,0.06
1996,Surry County,0.10400000000000001
1996,Virginia Beach,0.040999999999999995
1996,Franklin(City) & Southampton,0.053500000000000006
1996,James City & Williamsburg,0.0565
1996,Poquoson & York,0.03
1997,Chesapeake,0.038
1997,Gloucester,0.03
1997,Hampton,0.05
1997,Isle of Wight,0.044000000000000004
1997,Newport News,0.05
1997,Norfolk,0.067
1997,Portsmouth,0.075
1997,Suffolk,0.054000000000000006
1997,Surry County,0.086
1997,Virginia Beach,0.039
1997,Franklin(City) & Southampton,0.044
1997,James City & Williamsburg,0.05
1997,Poquoson & York,0.028
1998,Chesapeake,0.027000000000000003
1998,Gloucester,0.025
1998,Hampton,0.037000000000000005
1998,Isle of Wight,0.031
1998,Newport News,0.04
1998,Norfolk,0.053
1998,Portsmouth,0.054000000000000006
1998,Suffolk,0.038
1998,Surry County,0.08
1998,Virginia Beach,0.027999999999999997
1998,Franklin(City) & Southampton,0.035
1998,James City & Williamsburg,0.0375
1998,Poquoson & York,0.021
1999,Chesapeake,0.026000000000000002
1999,Gloucester,0.023
1999,Hampton,0.04
1999,Isle of Wight,0.026000000000000002
1999,Newport News,0.04
1999,Norfolk,0.051
1999,Portsmouth,0.05
1999,Suffolk,0.034
1999,Surry County,0.077
1999,Virginia Beach,0.026000000000000002
1999,Franklin(City) & Southampton,0.038000000000000006
1999,James City & Williamsburg,0.038
1999,Poquoson & York,0.021
2000,Chesapeake,0.023
2000,Gloucester,0.019
2000,Hampton,0.027000000000000003
2000,Isle of Wight,0.022000000000000002
2000,Newport News,0.026000000000000002
2000,Norfolk,0.033
2000,Portsmouth,0.034
2000,Suffolk,0.025
2000,Surry County,0.028999999999999998
2000,Virginia Beach,0.022000000000000002
2000,Franklin(City) & Southampton,0.03
2000,James City & Williamsburg,0.032
2000,Poquoson & York,0.0195
2001,Chesapeake,0.028999999999999998
2001,Gloucester,0.025
2001,Hampton,0.035
2001,Isle of Wight,0.027000000000000003
2001,Newport News,0.036000000000000004
2001,Norfolk,0.043
2001,Portsmouth,0.044000000000000004
2001,Suffolk,0.031
2001,Surry County,0.033
2001,Virginia Beach,0.028999999999999998
2001,Franklin(City) & Southampton,0.038000000000000006
2001,James City & Williamsburg,0.041
2001,Poquoson & York,0.0245
2002,Chesapeake,0.037000000000000005
2002,Gloucester,0.032
2002,Hampton,0.049
2002,Isle of Wight,0.035
2002,Newport News,0.046
2002,Norfolk,0.052000000000000005
2002,Portsmouth,0.053
2002,Suffolk,0.043
2002,Surry County,0.045
2002,Virginia Beach,0.036000000000000004
2002,Franklin(City) & Southampton,0.045
2002,James City & Williamsburg,0.053
2002,Poquoson & York,0.0295
2003,Chesapeake,0.039
2003,Gloucester,0.032
2003,Hampton,0.049
2003,Isle of Wight,0.036000000000000004
2003,Newport News,0.048
2003,Norfolk,0.053
2003,Portsmouth,0.054000000000000006
2003,Suffolk,0.043
2003,Surry County,0.046
2003,Virginia Beach,0.037000000000000005
2003,Franklin(City) & Southampton,0.0465
2003,James City & Williamsburg,0.0565
2003,Poquoson & York,0.032
2004,Chesapeake,0.038
2004,Gloucester,0.031
2004,Hampton,0.048
2004,Isle of Wight,0.035
2004,Newport News,0.046
2004,Norfolk,0.052000000000000005
2004,Portsmouth,0.055
2004,Suffolk,0.042
2004,Surry County,0.042
2004,Virginia Beach,0.035
2004,Franklin(City) & Southampton,0.047
2004,James City & Williamsburg,0.056
2004,Poquoson & York,0.031
2005,Chesapeake,0.036000000000000004
2005,Gloucester,0.031
2005,Hampton,0.045
2005,Isle of Wight,0.037000000000000005
2005,Newport News,0.045
2005,Norfolk,0.051
2005,Portsmouth,0.054000000000000006
2005,Suffolk,0.04
2005,Surry County,0.048
2005,Virginia Beach,0.034
2005,Franklin(City) & Southampton,0.047
2005,James City & Williamsburg,0.0525
2005,Poquoson & York,0.03
2006,Chesapeake,0.033
2006,Gloucester,0.027000000000000003
2006,Hampton,0.037000000000000005
2006,Isle of Wight,0.031
2006,Newport News,0.036000000000000004
2006,Norfolk,0.043
2006,Portsmouth,0.044000000000000004
2006,Suffolk,0.035
2006,Surry County,0.034
2006,Virginia Beach,0.028999999999999998
2006,Franklin(City) & Southampton,0.0425
2006,James City & Williamsburg,0.043000000000000003
2006,Poquoson & York,0.025500000000000002
2007,Chesapeake,0.03
2007,Gloucester,0.025
2007,Hampton,0.036000000000000004
2007,Isle of Wight,0.028999999999999998
2007,Newport News,0.036000000000000004
2007,Norfolk,0.040999999999999995
2007,Portsmouth,0.042
2007,Suffolk,0.033
2007,Surry County,0.034
2007,Virginia Beach,0.027000000000000003
2007,Franklin(City) & Southampton,0.041
2007,James City & Williamsburg,0.040499999999999994
2007,Poquoson & York,0.024
2008,Chesapeake,0.035
2008,Gloucester,0.032
2008,Hampton,0.048
2008,Isle of Wight,0.045
2008,Newport News,0.039
2008,Norfolk,0.063
2008,Portsmouth,0.046
2008,Suffolk,0.03
2008,Surry County,0.052000000000000005
2008,Virginia Beach,0.040999999999999995
2008,Franklin(City) & Southampton,0.045
2008,James City & Williamsburg,0.0345
2008,Poquoson & York,0.0665
2009,Chesapeake,0.06
2009,Gloucester,0.054000000000000006
2009,Hampton,0.08
2009,Isle of Wight,0.075
2009,Newport News,0.064
2009,Norfolk,0.10099999999999999
2009,Portsmouth,0.07400000000000001
2009,Suffolk,0.052000000000000005
2009,Surry County,0.085
2009,Virginia Beach,0.067
2009,Franklin(City) & Southampton,0.07350000000000001
2009,James City & Williamsburg,0.056499999999999995
2009,Poquoson & York,0.11300000000000002
2010,Chesapeake,0.068
2010,Gloucester,0.063
2010,Hampton,0.086
2010,Isle of Wight,0.09
2010,Newport News,0.07200000000000001
2010,Norfolk,0.126
2010,Portsmouth,0.083
2010,Suffolk,0.061
2010,Surry County,0.096
2010,Virginia Beach,0.076
2010,Franklin(City) & Southampton,0.0795
2010,James City & Williamsburg,0.063
2010,Poquoson & York,0.0955
2011,Chesapeake,0.063
2011,Gloucester,0.061
2011,Hampton,0.077
2011,Isle of Wight,0.085
2011,Newport News,0.069
2011,Norfolk,0.114
2011,Portsmouth,0.08199999999999999
2011,Suffolk,0.057
2011,Surry County,0.094
2011,Virginia Beach,0.075
2011,Franklin(City) & Southampton,0.07600000000000001
2011,James City & Williamsburg,0.061
2011,Poquoson & York,0.0895
2012,Chesapeake,0.055999999999999994
2012,Gloucester,0.057
2012,Hampton,0.063
2012,Isle of Wight,0.078
2012,Newport News,0.064
2012,Norfolk,0.1
2012,Portsmouth,0.075
2012,Suffolk,0.054000000000000006
2012,Surry County,0.08800000000000001
2012,Virginia Beach,0.07
2012,Franklin(City) & Southampton,0.0695
2012,James City & Williamsburg,0.057499999999999996
2012,Poquoson & York,0.08249999999999999
2013,Chesapeake,0.052000000000000005
2013,Gloucester,0.053
2013,Hampton,0.055999999999999994
2013,Isle of Wight,0.073
2013,Newport News,0.059000000000000004
2013,Norfolk,0.09300000000000001
2013,Portsmouth,0.068
2013,Suffolk,0.05
2013,Surry County,0.081
2013,Virginia Beach,0.063
2013,Franklin(City) & Southampton,0.0635
2013,James City & Williamsburg,0.054000000000000006
2013,Poquoson & York,0.076
2014,Chesapeake,0.048
2014,Gloucester,0.049
2014,Hampton,0.049
2014,Isle of Wight,0.062
2014,Newport News,0.053
2014,Norfolk,0.079
2014,Portsmouth,0.063
2014,Suffolk,0.046
2014,Surry County,0.073
2014,Virginia Beach,0.057999999999999996
2014,Franklin(City) & Southampton,0.058499999999999996
2014,James City & Williamsburg,0.0495
2014,Poquoson & York,0.07100000000000001
2015,Chesapeake,0.040999999999999995
2015,Gloucester,0.043
2015,Hampton,0.04
2015,Isle of Wight,0.051
2015,Newport News,0.045
2015,Norfolk,0.067
2015,Portsmouth,0.054000000000000006
2015,Suffolk,0.039
2015,Surry County,0.062
2015,Virginia Beach,0.05
2015,Franklin(City) & Southampton,0.051
2015,James City & Williamsburg,0.043
2015,Poquoson & York,0.0615
2016,Chesapeake,0.037000000000000005
2016,Gloucester,0.039
2016,Hampton,0.039
2016,Isle of Wight,0.053
2016,Newport News,0.043
2016,Norfolk,0.059000000000000004
2016,Portsmouth,0.051
2016,Suffolk,0.035
2016,Surry County,0.061
2016,Virginia Beach,0.047
2016,Franklin(City) & Southampton,0.0475
2016,James City & Williamsburg,0.039
2016,Poquoson & York,0.055999999999999994
2017,Chesapeake,0.034083333333333334
2017,Gloucester,0.03666666666666667
2017,Hampton,0.03741666666666667
2017,Isle of Wight,0.04575
2017,Newport News,0.03941666666666666
2017,Norfolk,0.05458333333333333
2017,Portsmouth,0.04708333333333333
2017,Suffolk,0.03575
2017,Surry County,0.054583333333333345
2017,Virginia Beach,0.042416666666666665
2017,Franklin(City) & Southampton,0.043375
2017,James City & Williamsburg,0.036375
2017,Poquoson & York,0.05245833333333333
