year,jurisdiction,employ_pop_ratio
1990,Chesapeake,0.5047966206524457
1990,Gloucester,0.4919518104277986
1990,Hampton,0.45945400602342107
1990,Isle of Wight,0.4937532431245759
1990,Newport News,0.448153570657785
1990,Norfolk,0.35912344497607657
1990,Portsmouth,0.4235299778654605
1990,Suffolk,0.452639855781217
1990,Surry County,0.4772986167615948
1990,Virginia Beach,0.4691583839792006
1990,Franklin(City) & Southampton,0.4220877423318929
1990,James City & Williamsburg,0.49641997712475233
1990,Poquoson & York,0.4921713570232712
1991,Chesapeake,0.5074162981680354
1991,Gloucester,0.4952768729641694
1991,Hampton,0.46097435897435896
1991,Isle of Wight,0.4952140077821012
1991,Newport News,0.4556450671336836
1991,Norfolk,0.35751672569854387
1991,Portsmouth,0.42751205400192865
1991,Suffolk,0.4563688212927757
1991,Surry County,0.46825396825396826
1991,Virginia Beach,0.47478802992518704
1991,Franklin(City) & Southampton,0.424734702610184
1991,James City & Williamsburg,0.496317260325881
1991,Poquoson & York,0.4969369369369369
1992,Chesapeake,0.5064917632702868
1992,Gloucester,0.488343949044586
1992,Hampton,0.4536173285198556
1992,Isle of Wight,0.49149425287356324
1992,Newport News,0.4500733220530175
1992,Norfolk,0.35916798732171157
1992,Portsmouth,0.42233269598470363
1992,Suffolk,0.4517924528301887
1992,Surry County,0.4421875
1992,Virginia Beach,0.4755712890625
1992,Franklin(City) & Southampton,0.4239394564843481
1992,James City & Williamsburg,0.48767931623931626
1992,Poquoson & York,0.4884691820276498
1993,Chesapeake,0.5006729081334114
1993,Gloucester,0.4852336448598131
1993,Hampton,0.4449574468085106
1993,Isle of Wight,0.48138576779026215
1993,Newport News,0.43877897117015263
1993,Norfolk,0.34894586894586893
1993,Portsmouth,0.4159099616858238
1993,Suffolk,0.4467225325884544
1993,Surry County,0.4124242424242424
1993,Virginia Beach,0.4742242629289512
1993,Franklin(City) & Southampton,0.41528659370725035
1993,James City & Williamsburg,0.482210889537162
1993,Poquoson & York,0.4899779208009296
1994,Chesapeake,0.5047752808988764
1994,Gloucester,0.48452307692307695
1994,Hampton,0.44168885774351785
1994,Isle of Wight,0.48306273062730626
1994,Newport News,0.441168903803132
1994,Norfolk,0.3455309553095531
1994,Portsmouth,0.4143636363636364
1994,Suffolk,0.4494106813996317
1994,Surry County,0.38196969696969696
1994,Virginia Beach,0.47465819141280885
1994,Franklin(City) & Southampton,0.41733381502890177
1994,James City & Williamsburg,0.48612615546218485
1994,Poquoson & York,0.4890328734457503
1995,Chesapeake,0.5091580662683324
1995,Gloucester,0.49145896656534954
1995,Hampton,0.44095603628750873
1995,Isle of Wight,0.4875539568345324
1995,Newport News,0.4440794627867935
1995,Norfolk,0.3427360066833751
1995,Portsmouth,0.4161807580174927
1995,Suffolk,0.4552423698384201
1995,Surry County,0.37272727272727274
1995,Virginia Beach,0.4791118027292315
1995,Franklin(City) & Southampton,0.42001604278074867
1995,James City & Williamsburg,0.49499697336561743
1995,Poquoson & York,0.5019119569589703
1996,Chesapeake,0.5099732620320856
1996,Gloucester,0.4892792792792793
1996,Hampton,0.4355027932960894
1996,Isle of Wight,0.48592198581560286
1996,Newport News,0.43727221597300336
1996,Norfolk,0.33771464646464644
1996,Portsmouth,0.41318315377081294
1996,Suffolk,0.4563304347826087
1996,Surry County,0.36484848484848487
1996,Virginia Beach,0.47749040307101726
1996,Franklin(City) & Southampton,0.4049633116883117
1996,James City & Williamsburg,0.4741744818577083
1996,Poquoson & York,0.499205013001547
1997,Chesapeake,0.5177363445378151
1997,Gloucester,0.5008308605341246
1997,Hampton,0.4384057971014493
1997,Isle of Wight,0.4904895104895105
1997,Newport News,0.44022586109542633
1997,Norfolk,0.33816067653276954
1997,Portsmouth,0.4138067061143984
1997,Suffolk,0.4611872909698997
1997,Surry County,0.36134328358208956
1997,Virginia Beach,0.4829267128192886
1997,Franklin(City) & Southampton,0.41625
1997,James City & Williamsburg,0.48780035743110806
1997,Poquoson & York,0.5086220440359197
1998,Chesapeake,0.5284798345398138
1998,Gloucester,0.511524926686217
1998,Hampton,0.44146814404432133
1998,Isle of Wight,0.5009621993127148
1998,Newport News,0.4529372197309417
1998,Norfolk,0.3414273540690243
1998,Portsmouth,0.4220238095238095
1998,Suffolk,0.4700163132137031
1998,Surry County,0.341044776119403
1998,Virginia Beach,0.49301534036433364
1998,Franklin(City) & Southampton,0.4250882117080994
1998,James City & Williamsburg,0.4977153436870866
1998,Poquoson & York,0.5172625752573315
1999,Chesapeake,0.5264768683274021
1999,Gloucester,0.5097109826589595
1999,Hampton,0.4380137457044673
1999,Isle of Wight,0.4964983164983165
1999,Newport News,0.45216517857142857
1999,Norfolk,0.3380042643923241
1999,Portsmouth,0.4178031809145129
1999,Suffolk,0.4712063492063492
1999,Surry County,0.3266176470588235
1999,Virginia Beach,0.4914983325393044
1999,Franklin(City) & Southampton,0.4632735487404162
1999,James City & Williamsburg,0.49900976630624344
1999,Poquoson & York,0.5152419456330228
2000,Chesapeake,0.47781530277342527
2000,Gloucester,0.49470569662785985
2000,Hampton,0.42774599752053816
2000,Isle of Wight,0.48814960146067593
2000,Newport News,0.44769998446896997
2000,Norfolk,0.38346650274713334
2000,Portsmouth,0.41317292362762414
2000,Suffolk,0.4452624802121371
2000,Surry County,0.48204780119162344
2000,Virginia Beach,0.471733084836616
2000,Franklin(City) & Southampton,0.4168041163997642
2000,James City & Williamsburg,0.4187876837495125
2000,Poquoson & York,0.4786698719891758
2001,Chesapeake,0.4846451777074262
2001,Gloucester,0.5055809638045701
2001,Hampton,0.4326235483217928
2001,Isle of Wight,0.498413464069711
2001,Newport News,0.4523991636486996
2001,Norfolk,0.38599001842323505
2001,Portsmouth,0.4213935585771865
2001,Suffolk,0.44691849772102676
2001,Surry County,0.48872204681286363
2001,Virginia Beach,0.4780835829891418
2001,Franklin(City) & Southampton,0.4059986169969859
2001,James City & Williamsburg,0.41287125930725266
2001,Poquoson & York,0.48597111682834143
2002,Chesapeake,0.4874094824430854
2002,Gloucester,0.5128254700755379
2002,Hampton,0.43496434028669906
2002,Isle of Wight,0.502786873010637
2002,Newport News,0.4520808811611307
2002,Norfolk,0.39510984401868304
2002,Portsmouth,0.42336395964903994
2002,Suffolk,0.45586933072115293
2002,Surry County,0.5025782936492752
2002,Virginia Beach,0.4817955973358719
2002,Franklin(City) & Southampton,0.40536098109729723
2002,James City & Williamsburg,0.40492385221574534
2002,Poquoson & York,0.48755918460933256
2003,Chesapeake,0.48888652422893036
2003,Gloucester,0.5172129502202735
2003,Hampton,0.43946565771370955
2003,Isle of Wight,0.5069781100138758
2003,Newport News,0.4504690959805234
2003,Norfolk,0.38923252384989493
2003,Portsmouth,0.42256105693665885
2003,Suffolk,0.45766076947734724
2003,Surry County,0.5026836147302948
2003,Virginia Beach,0.4825989728650398
2003,Franklin(City) & Southampton,0.4140472098836653
2003,James City & Williamsburg,0.3952649138533165
2003,Poquoson & York,0.48860389806283255
2004,Chesapeake,0.4911958175054042
2004,Gloucester,0.5194427303824668
2004,Hampton,0.43742959305560103
2004,Isle of Wight,0.5074613637276556
2004,Newport News,0.45013476236541544
2004,Norfolk,0.38509539889707595
2004,Portsmouth,0.4229897975675951
2004,Suffolk,0.45399151605334054
2004,Surry County,0.5019672070975529
2004,Virginia Beach,0.4793127525265304
2004,Franklin(City) & Southampton,0.4049304467399396
2004,James City & Williamsburg,0.3943527648219536
2004,Poquoson & York,0.4781806653607048
2005,Chesapeake,0.5021787846554129
2005,Gloucester,0.5364554204863394
2005,Hampton,0.4467670165299986
2005,Isle of Wight,0.5168498724295166
2005,Newport News,0.4551988014628362
2005,Norfolk,0.3810217865698209
2005,Portsmouth,0.4336306831316855
2005,Suffolk,0.46326169510785103
2005,Surry County,0.5103482745955418
2005,Virginia Beach,0.4874446251805257
2005,Franklin(City) & Southampton,0.40779830968687353
2005,James City & Williamsburg,0.4052787442194431
2005,Poquoson & York,0.48956275843386843
2006,Chesapeake,0.512603358149306
2006,Gloucester,0.5447375260562842
2006,Hampton,0.45533697775629106
2006,Isle of Wight,0.5362936300428884
2006,Newport News,0.45779056124207296
2006,Norfolk,0.38268740730729633
2006,Portsmouth,0.4488747935709664
2006,Suffolk,0.4770579195665632
2006,Surry County,0.5075472586420254
2006,Virginia Beach,0.4943686529748792
2006,Franklin(City) & Southampton,0.41529230281391893
2006,James City & Williamsburg,0.4127610757963319
2006,Poquoson & York,0.4985692753599612
2007,Chesapeake,0.5129411848882178
2007,Gloucester,0.5535212538689412
2007,Hampton,0.46948721649470204
2007,Isle of Wight,0.531723778916966
2007,Newport News,0.4667412306804576
2007,Norfolk,0.3953684282980702
2007,Portsmouth,0.459256347275394
2007,Suffolk,0.47454754794542137
2007,Surry County,0.5218032602757903
2007,Virginia Beach,0.49959736118252257
2007,Franklin(City) & Southampton,0.41485354133508867
2007,James City & Williamsburg,0.4244108611551517
2007,Poquoson & York,0.4958278193063651
2008,Chesapeake,0.5144676714958777
2008,Gloucester,0.5580645851976442
2008,Hampton,0.46967889042634486
2008,Isle of Wight,0.5318263962430164
2008,Newport News,0.4693571746034101
2008,Norfolk,0.39317128357768844
2008,Portsmouth,0.4570779382855135
2008,Suffolk,0.477831609358356
2008,Surry County,0.5173561790484024
2008,Virginia Beach,0.4981282264113395
2008,Franklin(City) & Southampton,0.4156813732154504
2008,James City & Williamsburg,0.42553753981444203
2008,Poquoson & York,0.49331015799642275
2009,Chesapeake,0.4896343156322387
2009,Gloucester,0.5323542394107295
2009,Hampton,0.44559877388843866
2009,Isle of Wight,0.5071328867634551
2009,Newport News,0.482435008239593
2009,Norfolk,0.3702214699643707
2009,Portsmouth,0.4292092115430331
2009,Suffolk,0.4581931799297128
2009,Surry County,0.48642845972108384
2009,Virginia Beach,0.4724373389474656
2009,Franklin(City) & Southampton,0.41150551749086833
2009,James City & Williamsburg,0.4057906382098506
2009,Poquoson & York,0.4644756563349682
2010,Chesapeake,0.4721330289700241
2010,Gloucester,0.49371027021291786
2010,Hampton,0.4423778426599763
2010,Isle of Wight,0.49299496228391376
2010,Newport News,0.45996653698317236
2010,Norfolk,0.422324117257141
2010,Portsmouth,0.4308905820435639
2010,Suffolk,0.45300897219351954
2010,Surry County,0.47620784524299425
2010,Virginia Beach,0.4841207172737747
2010,Franklin(City) & Southampton,0.422131135870895
2010,James City & Williamsburg,0.430934025808706
2010,Poquoson & York,0.47054657192702265
2011,Chesapeake,0.47242665368142633
2011,Gloucester,0.4953920134361193
2011,Hampton,0.4404619000856799
2011,Isle of Wight,0.49549474596199566
2011,Newport News,0.4601812441824816
2011,Norfolk,0.4243179382296826
2011,Portsmouth,0.43059802860484203
2011,Suffolk,0.45266515801619933
2011,Surry County,0.4939679084463059
2011,Virginia Beach,0.4875241871990623
2011,Franklin(City) & Southampton,0.42034408898205766
2011,James City & Williamsburg,0.43755660095788707
2011,Poquoson & York,0.47224449516340805
2012,Chesapeake,0.47236317426931335
2012,Gloucester,0.49442881869320643
2012,Hampton,0.4360307674579396
2012,Isle of Wight,0.48584853510226644
2012,Newport News,0.4542930546388772
2012,Norfolk,0.42412419701956444
2012,Portsmouth,0.42789122626988196
2012,Suffolk,0.4495448920347432
2012,Surry County,0.49112169770463404
2012,Virginia Beach,0.48245208262102535
2012,Franklin(City) & Southampton,0.42809171470057195
2012,James City & Williamsburg,0.4399002829035762
2012,Poquoson & York,0.4697003391497186
2013,Chesapeake,0.4697373560480219
2013,Gloucester,0.4917812634293081
2013,Hampton,0.43799269232982335
2013,Isle of Wight,0.4873567001261587
2013,Newport News,0.4597518155845855
2013,Norfolk,0.42569969804214425
2013,Portsmouth,0.43118167459817697
2013,Suffolk,0.4476665414261479
2013,Surry County,0.48258563852658737
2013,Virginia Beach,0.4859150230857509
2013,Franklin(City) & Southampton,0.4246393319193256
2013,James City & Williamsburg,0.440163871058487
2013,Poquoson & York,0.4745884866930321
2014,Chesapeake,0.4718508899243755
2014,Gloucester,0.49735392881128276
2014,Hampton,0.441813129308167
2014,Isle of Wight,0.49742895056950126
2014,Newport News,0.46409834098668207
2014,Norfolk,0.42615485766698863
2014,Portsmouth,0.432284456932708
2014,Suffolk,0.4460630009153216
2014,Surry County,0.4936127458016363
2014,Virginia Beach,0.4882547512354098
2014,Franklin(City) & Southampton,0.4259360907979526
2014,James City & Williamsburg,0.43585054997655215
2014,Poquoson & York,0.47090201035587154
2015,Chesapeake,0.46537940180373755
2015,Gloucester,0.4933642641346569
2015,Hampton,0.43515646415535325
2015,Isle of Wight,0.49179428069597675
2015,Newport News,0.45717727604740155
2015,Norfolk,0.4216247486740915
2015,Portsmouth,0.42780312570968476
2015,Suffolk,0.44392099617366687
2015,Surry County,0.5167913183751284
2015,Virginia Beach,0.4822205071664829
2015,Franklin(City) & Southampton,0.4345958956005227
2015,James City & Williamsburg,0.4329789709065496
2015,Poquoson & York,0.46095151361077075
2016,Chesapeake,0.46358816558205296
2016,Gloucester,0.49547089203147393
2016,Hampton,0.4412038518604719
2016,Isle of Wight,0.48389707072341803
2016,Newport News,0.46051697977272976
2016,Norfolk,0.42434446166734796
2016,Portsmouth,0.43337942794165046
2016,Suffolk,0.44000348880312246
2016,Surry County,0.512679816105591
2016,Virginia Beach,0.48448288024548747
2016,Franklin(City) & Southampton,0.43209813542068154
2016,James City & Williamsburg,0.4262091623257068
2016,Poquoson & York,0.46664152833896655
2017,Chesapeake,0.46293606148647254
2017,Gloucester,0.4949509896239698
2017,Hampton,0.44712404535028
2017,Isle of Wight,0.4821717158188913
2017,Newport News,0.4670445499711784
2017,Norfolk,0.42932828709418924
2017,Portsmouth,0.44033249511036604
2017,Suffolk,0.43935767059679615
2017,Surry County,0.5272949755269204
2017,Virginia Beach,0.4873315172106233
2017,Franklin(City) & Southampton,0.43167058035958733
2017,James City & Williamsburg,0.42634537696464425
2017,Poquoson & York,0.4676287898633375
